,tile
1,Amnesty POI-1-1-1
2,Amnesty POI-1-1-2
3,Amnesty POI-1-1-3
4,Amnesty POI-1-2-1
5,Amnesty POI-1-2-2
6,Amnesty POI-1-2-3
7,Amnesty POI-1-3-1
8,Amnesty POI-1-3-2
9,Amnesty POI-1-3-3
10,Amnesty POI-2-1-1
11,Amnesty POI-2-1-2
12,Amnesty POI-2-1-3
13,Amnesty POI-2-2-1
14,Amnesty POI-2-2-2
15,Amnesty POI-2-2-3
16,Amnesty POI-2-3-1
17,Amnesty POI-2-3-2
18,Amnesty POI-2-3-3
19,Amnesty POI-3-1-1
20,Amnesty POI-3-1-2
21,Amnesty POI-3-1-3
22,Amnesty POI-3-2-1
23,Amnesty POI-3-2-2
24,Amnesty POI-3-2-3
25,Amnesty POI-3-3-1
26,Amnesty POI-3-3-2
27,Amnesty POI-3-3-3
28,Amnesty POI-4-1-1
29,Amnesty POI-4-1-2
30,Amnesty POI-4-1-3
31,Amnesty POI-4-2-1
32,Amnesty POI-4-2-2
33,Amnesty POI-4-2-3
34,Amnesty POI-4-3-1
35,Amnesty POI-4-3-2
36,Amnesty POI-4-3-3
37,Amnesty POI-5-1-1
38,Amnesty POI-5-1-2
39,Amnesty POI-5-1-3
40,Amnesty POI-5-2-1
41,Amnesty POI-5-2-2
42,Amnesty POI-5-2-3
43,Amnesty POI-5-3-1
44,Amnesty POI-5-3-2
45,Amnesty POI-5-3-3
46,Amnesty POI-6-1-1
47,Amnesty POI-6-1-2
48,Amnesty POI-6-1-3
49,Amnesty POI-6-2-1
50,Amnesty POI-6-2-2
51,Amnesty POI-6-2-3
52,Amnesty POI-6-3-1
53,Amnesty POI-6-3-2
54,Amnesty POI-6-3-3
55,Amnesty POI-7-1-1
56,Amnesty POI-7-1-2
57,Amnesty POI-7-1-3
58,Amnesty POI-7-2-1
59,Amnesty POI-7-2-2
60,Amnesty POI-7-2-3
61,Amnesty POI-7-3-1
62,Amnesty POI-7-3-2
63,Amnesty POI-7-3-3
64,Amnesty POI-8-1-1
65,Amnesty POI-8-1-2
66,Amnesty POI-8-1-3
67,Amnesty POI-8-2-1
68,Amnesty POI-8-2-2
69,Amnesty POI-8-2-3
70,Amnesty POI-8-3-1
71,Amnesty POI-8-3-2
72,Amnesty POI-8-3-3
73,Amnesty POI-9-1-1
74,Amnesty POI-9-1-2
75,Amnesty POI-9-1-3
76,Amnesty POI-9-2-1
77,Amnesty POI-9-2-2
78,Amnesty POI-9-2-3
79,Amnesty POI-9-3-1
80,Amnesty POI-9-3-2
81,Amnesty POI-9-3-3
82,Amnesty POI-10-1-1
83,Amnesty POI-10-1-2
84,Amnesty POI-10-1-3
85,Amnesty POI-10-2-1
86,Amnesty POI-10-2-2
87,Amnesty POI-10-2-3
88,Amnesty POI-10-3-1
89,Amnesty POI-10-3-2
90,Amnesty POI-10-3-3
91,Amnesty POI-11-1-1
92,Amnesty POI-11-1-2
93,Amnesty POI-11-1-3
94,Amnesty POI-11-2-1
95,Amnesty POI-11-2-2
96,Amnesty POI-11-2-3
97,Amnesty POI-11-3-1
98,Amnesty POI-11-3-2
99,Amnesty POI-11-3-3
100,Amnesty POI-13-1-1
101,Amnesty POI-13-1-2
102,Amnesty POI-13-1-3
103,Amnesty POI-13-2-1
104,Amnesty POI-13-2-2
105,Amnesty POI-13-2-3
106,Amnesty POI-13-3-1
107,Amnesty POI-13-3-2
108,Amnesty POI-13-3-3
109,Amnesty POI-14-1-1
110,Amnesty POI-14-1-2
111,Amnesty POI-14-1-3
112,Amnesty POI-14-2-1
113,Amnesty POI-14-2-2
114,Amnesty POI-14-2-3
115,Amnesty POI-14-3-1
116,Amnesty POI-14-3-2
117,Amnesty POI-14-3-3
118,Amnesty POI-15-1-1
119,Amnesty POI-15-1-2
120,Amnesty POI-15-1-3
121,Amnesty POI-15-2-1
122,Amnesty POI-15-2-2
123,Amnesty POI-15-2-3
124,Amnesty POI-15-3-1
125,Amnesty POI-15-3-2
126,Amnesty POI-15-3-3
127,Amnesty POI-16-1-1
128,Amnesty POI-16-1-2
129,Amnesty POI-16-1-3
130,Amnesty POI-16-2-1
131,Amnesty POI-16-2-2
132,Amnesty POI-16-2-3
133,Amnesty POI-16-3-1
134,Amnesty POI-16-3-2
135,Amnesty POI-16-3-3
136,Amnesty POI-17-1-1
137,Amnesty POI-17-1-2
138,Amnesty POI-17-1-3
139,Amnesty POI-17-2-1
140,Amnesty POI-17-2-2
141,Amnesty POI-17-2-3
142,Amnesty POI-17-3-1
143,Amnesty POI-17-3-2
144,Amnesty POI-17-3-3
145,Amnesty POI-18-1-1
146,Amnesty POI-18-1-2
147,Amnesty POI-18-1-3
148,Amnesty POI-18-2-1
149,Amnesty POI-18-2-2
150,Amnesty POI-18-2-3
151,Amnesty POI-18-3-1
152,Amnesty POI-18-3-2
153,Amnesty POI-18-3-3
154,Amnesty POI-19-1-1
155,Amnesty POI-19-1-2
156,Amnesty POI-19-1-3
157,Amnesty POI-19-2-1
158,Amnesty POI-19-2-2
159,Amnesty POI-19-2-3
160,Amnesty POI-19-3-1
161,Amnesty POI-19-3-2
162,Amnesty POI-19-3-3
163,Amnesty POI-20-1-1
164,Amnesty POI-20-1-2
165,Amnesty POI-20-1-3
166,Amnesty POI-20-2-1
167,Amnesty POI-20-2-2
168,Amnesty POI-20-2-3
169,Amnesty POI-20-3-1
170,Amnesty POI-20-3-2
171,Amnesty POI-20-3-3
172,Amnesty POI-21-1-1
173,Amnesty POI-21-1-2
174,Amnesty POI-21-1-3
175,Amnesty POI-21-2-1
176,Amnesty POI-21-2-2
177,Amnesty POI-21-2-3
178,Amnesty POI-21-3-1
179,Amnesty POI-21-3-2
180,Amnesty POI-21-3-3
181,Amnesty POI-22-1-1
182,Amnesty POI-22-1-2
183,Amnesty POI-22-1-3
184,Amnesty POI-22-2-1
185,Amnesty POI-22-2-2
186,Amnesty POI-22-2-3
187,Amnesty POI-22-3-1
188,Amnesty POI-22-3-2
189,Amnesty POI-22-3-3
190,ASMSpotter-10-1-1
191,ASMSpotter-10-1-2
192,ASMSpotter-10-1-3
193,ASMSpotter-10-2-1
194,ASMSpotter-10-2-2
195,ASMSpotter-10-2-3
196,ASMSpotter-10-3-1
197,ASMSpotter-10-3-2
198,ASMSpotter-10-3-3
199,ASMSpotter-11-1-1
200,ASMSpotter-11-1-2
201,ASMSpotter-11-1-3
202,ASMSpotter-1-1-2
203,ASMSpotter-11-2-1
204,ASMSpotter-11-2-2
205,ASMSpotter-11-2-3
206,ASMSpotter-1-1-3
207,ASMSpotter-11-3-1
208,ASMSpotter-11-3-2
209,ASMSpotter-11-3-3
210,ASMSpotter-1-2-1
211,ASMSpotter-12-1-1
212,ASMSpotter-12-1-2
213,ASMSpotter-12-1-3
214,ASMSpotter-1-2-2
215,ASMSpotter-12-2-1
216,ASMSpotter-12-2-2
217,ASMSpotter-12-2-3
218,ASMSpotter-1-2-3
219,ASMSpotter-12-3-1
220,ASMSpotter-12-3-2
221,ASMSpotter-12-3-3
222,ASMSpotter-1-3-1
223,ASMSpotter-13-1-1
224,ASMSpotter-13-1-2
225,ASMSpotter-13-1-3
226,ASMSpotter-1-3-2
227,ASMSpotter-13-2-1
228,ASMSpotter-13-2-2
229,ASMSpotter-13-2-3
230,ASMSpotter-1-3-3
231,ASMSpotter-13-3-1
232,ASMSpotter-13-3-2
233,ASMSpotter-13-3-3
234,ASMSpotter-14-1-1
235,ASMSpotter-14-1-2
236,ASMSpotter-14-1-3
237,ASMSpotter-14-2-1
238,ASMSpotter-14-2-2
239,ASMSpotter-14-2-3
240,ASMSpotter-14-3-1
241,ASMSpotter-14-3-2
242,ASMSpotter-14-3-3
243,ASMSpotter-15-1-1
244,ASMSpotter-15-1-2
245,ASMSpotter-15-1-3
246,ASMSpotter-15-2-1
247,ASMSpotter-15-2-2
248,ASMSpotter-15-2-3
249,ASMSpotter-15-3-1
250,ASMSpotter-15-3-2
251,ASMSpotter-15-3-3
252,ASMSpotter-16-1-1
253,ASMSpotter-16-1-2
254,ASMSpotter-16-1-3
255,ASMSpotter-16-2-1
256,ASMSpotter-16-2-2
257,ASMSpotter-16-2-3
258,ASMSpotter-16-3-1
259,ASMSpotter-16-3-2
260,ASMSpotter-16-3-3
261,ASMSpotter-17-1-1
262,ASMSpotter-17-1-2
263,ASMSpotter-17-1-3
264,ASMSpotter-17-2-1
265,ASMSpotter-17-2-2
266,ASMSpotter-17-2-3
267,ASMSpotter-17-3-1
268,ASMSpotter-17-3-2
269,ASMSpotter-17-3-3
270,ASMSpotter-18-1-1
271,ASMSpotter-18-1-2
272,ASMSpotter-18-1-3
273,ASMSpotter-18-2-1
274,ASMSpotter-18-2-2
275,ASMSpotter-18-2-3
276,ASMSpotter-18-3-1
277,ASMSpotter-18-3-2
278,ASMSpotter-18-3-3
279,ASMSpotter-19-1-1
280,ASMSpotter-19-1-2
281,ASMSpotter-19-1-3
282,ASMSpotter-19-2-1
283,ASMSpotter-19-2-2
284,ASMSpotter-19-2-3
285,ASMSpotter-19-3-1
286,ASMSpotter-19-3-2
287,ASMSpotter-19-3-3
288,ASMSpotter-20-1-1
289,ASMSpotter-20-1-2
290,ASMSpotter-20-1-3
291,ASMSpotter-20-2-1
292,ASMSpotter-20-2-2
293,ASMSpotter-20-2-3
294,ASMSpotter-20-3-1
295,ASMSpotter-20-3-2
296,ASMSpotter-20-3-3
297,ASMSpotter-2-1-1
298,ASMSpotter-21-1-1
299,ASMSpotter-21-1-2
300,ASMSpotter-21-1-3
301,ASMSpotter-2-1-2
302,ASMSpotter-21-2-1
303,ASMSpotter-21-2-2
304,ASMSpotter-21-2-3
305,ASMSpotter-2-1-3
306,ASMSpotter-21-3-1
307,ASMSpotter-21-3-2
308,ASMSpotter-21-3-3
309,ASMSpotter-2-2-1
310,ASMSpotter-22-1-1
311,ASMSpotter-22-1-2
312,ASMSpotter-22-1-3
313,ASMSpotter-2-2-2
314,ASMSpotter-22-2-1
315,ASMSpotter-22-2-2
316,ASMSpotter-22-2-3
317,ASMSpotter-2-2-3
318,ASMSpotter-22-3-1
319,ASMSpotter-22-3-2
320,ASMSpotter-22-3-3
321,ASMSpotter-2-3-1
322,ASMSpotter-23-1-1
323,ASMSpotter-23-1-2
324,ASMSpotter-23-1-3
325,ASMSpotter-2-3-2
326,ASMSpotter-23-2-1
327,ASMSpotter-23-2-2
328,ASMSpotter-23-2-3
329,ASMSpotter-2-3-3
330,ASMSpotter-23-3-1
331,ASMSpotter-23-3-2
332,ASMSpotter-23-3-3
333,ASMSpotter-24-1-1
334,ASMSpotter-24-1-2
335,ASMSpotter-24-1-3
336,ASMSpotter-24-2-1
337,ASMSpotter-24-2-2
338,ASMSpotter-24-2-3
339,ASMSpotter-24-3-1
340,ASMSpotter-24-3-2
341,ASMSpotter-24-3-3
342,ASMSpotter-25-1-1
343,ASMSpotter-25-1-2
344,ASMSpotter-25-1-3
345,ASMSpotter-25-2-1
346,ASMSpotter-25-2-2
347,ASMSpotter-25-2-3
348,ASMSpotter-25-3-1
349,ASMSpotter-25-3-2
350,ASMSpotter-25-3-3
351,ASMSpotter-26-1-1
352,ASMSpotter-26-1-2
353,ASMSpotter-26-1-3
354,ASMSpotter-26-2-1
355,ASMSpotter-26-2-2
356,ASMSpotter-26-2-3
357,ASMSpotter-26-3-1
358,ASMSpotter-26-3-2
359,ASMSpotter-26-3-3
360,ASMSpotter-27-1-1
361,ASMSpotter-27-1-2
362,ASMSpotter-27-1-3
363,ASMSpotter-27-2-1
364,ASMSpotter-27-2-2
365,ASMSpotter-27-2-3
366,ASMSpotter-27-3-1
367,ASMSpotter-27-3-2
368,ASMSpotter-27-3-3
369,ASMSpotter-28-1-1
370,ASMSpotter-28-1-2
371,ASMSpotter-28-1-3
372,ASMSpotter-28-2-1
373,ASMSpotter-28-2-2
374,ASMSpotter-28-2-3
375,ASMSpotter-28-3-1
376,ASMSpotter-28-3-2
377,ASMSpotter-28-3-3
378,ASMSpotter-29-1-1
379,ASMSpotter-29-1-2
380,ASMSpotter-29-1-3
381,ASMSpotter-29-2-1
382,ASMSpotter-29-2-2
383,ASMSpotter-29-2-3
384,ASMSpotter-29-3-1
385,ASMSpotter-29-3-2
386,ASMSpotter-29-3-3
387,ASMSpotter-30-1-1
388,ASMSpotter-30-1-2
389,ASMSpotter-30-1-3
390,ASMSpotter-30-2-1
391,ASMSpotter-30-2-2
392,ASMSpotter-30-2-3
393,ASMSpotter-30-3-1
394,ASMSpotter-30-3-2
395,ASMSpotter-30-3-3
396,ASMSpotter-3-1-1
397,ASMSpotter-31-1-1
398,ASMSpotter-31-1-2
399,ASMSpotter-31-1-3
400,ASMSpotter-3-1-2
401,ASMSpotter-31-2-1
402,ASMSpotter-31-2-2
403,ASMSpotter-31-2-3
404,ASMSpotter-3-1-3
405,ASMSpotter-31-3-1
406,ASMSpotter-31-3-2
407,ASMSpotter-31-3-3
408,ASMSpotter-3-2-1
409,ASMSpotter-3-2-2
410,ASMSpotter-3-2-3
411,ASMSpotter-3-3-1
412,ASMSpotter-33-1-1
413,ASMSpotter-33-1-2
414,ASMSpotter-33-1-3
415,ASMSpotter-3-3-2
416,ASMSpotter-33-2-1
417,ASMSpotter-33-2-2
418,ASMSpotter-33-2-3
419,ASMSpotter-3-3-3
420,ASMSpotter-33-3-1
421,ASMSpotter-33-3-2
422,ASMSpotter-33-3-3
423,ASMSpotter-34-1-1
424,ASMSpotter-34-1-2
425,ASMSpotter-34-1-3
426,ASMSpotter-34-2-1
427,ASMSpotter-34-2-2
428,ASMSpotter-34-2-3
429,ASMSpotter-34-3-1
430,ASMSpotter-34-3-2
431,ASMSpotter-34-3-3
432,ASMSpotter-35-1-1
433,ASMSpotter-35-1-2
434,ASMSpotter-35-1-3
435,ASMSpotter-35-2-1
436,ASMSpotter-35-2-2
437,ASMSpotter-35-2-3
438,ASMSpotter-35-3-1
439,ASMSpotter-35-3-2
440,ASMSpotter-35-3-3
441,ASMSpotter-36-1-1
442,ASMSpotter-36-1-2
443,ASMSpotter-36-1-3
444,ASMSpotter-36-2-1
445,ASMSpotter-36-2-2
446,ASMSpotter-36-2-3
447,ASMSpotter-36-3-1
448,ASMSpotter-36-3-2
449,ASMSpotter-36-3-3
450,ASMSpotter-37-1-1
451,ASMSpotter-37-1-2
452,ASMSpotter-37-1-3
453,ASMSpotter-37-2-1
454,ASMSpotter-37-2-2
455,ASMSpotter-37-2-3
456,ASMSpotter-37-3-1
457,ASMSpotter-37-3-2
458,ASMSpotter-37-3-3
459,ASMSpotter-38-1-1
460,ASMSpotter-38-1-2
461,ASMSpotter-38-1-3
462,ASMSpotter-38-2-1
463,ASMSpotter-38-2-2
464,ASMSpotter-38-2-3
465,ASMSpotter-38-3-1
466,ASMSpotter-38-3-2
467,ASMSpotter-38-3-3
468,ASMSpotter-39-1-1
469,ASMSpotter-39-1-2
470,ASMSpotter-39-1-3
471,ASMSpotter-39-2-1
472,ASMSpotter-39-2-2
473,ASMSpotter-39-2-3
474,ASMSpotter-39-3-1
475,ASMSpotter-39-3-2
476,ASMSpotter-39-3-3
477,ASMSpotter-40-1-1
478,ASMSpotter-40-1-2
479,ASMSpotter-40-1-3
480,ASMSpotter-40-2-1
481,ASMSpotter-40-2-2
482,ASMSpotter-40-2-3
483,ASMSpotter-40-3-1
484,ASMSpotter-40-3-2
485,ASMSpotter-40-3-3
486,ASMSpotter-4-1-1
487,ASMSpotter-4-1-2
488,ASMSpotter-4-1-3
489,ASMSpotter-4-2-1
490,ASMSpotter-4-2-2
491,ASMSpotter-4-2-3
492,ASMSpotter-4-3-1
493,ASMSpotter-4-3-2
494,ASMSpotter-4-3-3
495,ASMSpotter-5-1-1
496,ASMSpotter-5-1-2
497,ASMSpotter-5-1-3
498,ASMSpotter-5-2-1
499,ASMSpotter-5-2-2
500,ASMSpotter-5-2-3
501,ASMSpotter-5-3-1
502,ASMSpotter-5-3-2
503,ASMSpotter-5-3-3
504,ASMSpotter-6-1-1
505,ASMSpotter-6-1-2
506,ASMSpotter-6-1-3
507,ASMSpotter-6-2-1
508,ASMSpotter-6-2-2
509,ASMSpotter-6-2-3
510,ASMSpotter-6-3-1
511,ASMSpotter-6-3-2
512,ASMSpotter-6-3-3
513,ASMSpotter-7-1-1
514,ASMSpotter-7-1-2
515,ASMSpotter-7-1-3
516,ASMSpotter-7-2-1
517,ASMSpotter-7-2-2
518,ASMSpotter-7-2-3
519,ASMSpotter-7-3-1
520,ASMSpotter-7-3-2
521,ASMSpotter-7-3-3
522,ASMSpotter-8-1-1
523,ASMSpotter-8-1-2
524,ASMSpotter-8-1-3
525,ASMSpotter-8-2-1
526,ASMSpotter-8-2-2
527,ASMSpotter-8-2-3
528,ASMSpotter-8-3-1
529,ASMSpotter-8-3-2
530,ASMSpotter-8-3-3
531,ASMSpotter-9-1-1
532,ASMSpotter-9-1-2
533,ASMSpotter-9-1-3
534,ASMSpotter-9-2-1
535,ASMSpotter-9-2-2
536,ASMSpotter-9-2-3
537,ASMSpotter-9-3-1
538,ASMSpotter-9-3-2
539,ASMSpotter-9-3-3
540,Landcover-8379
541,Landcover-8732
542,Landcover-10236
543,Landcover-14249
544,Landcover-14956
545,Landcover-19773
546,Landcover-26017
547,Landcover-26152
548,Landcover-30327
549,Landcover-31042
550,Landcover-31276
551,Landcover-31746
552,Landcover-32416
553,Landcover-35116
554,Landcover-35500
555,Landcover-39717
556,Landcover-41262
557,Landcover-43150
558,Landcover-46368
559,Landcover-50436
560,Landcover-51671
561,Landcover-52148
562,Landcover-53808
563,Landcover-56527
564,Landcover-56939
565,Landcover-62499
566,Landcover-65106
567,Landcover-65382
568,Landcover-69292
569,Landcover-70313
570,Landcover-72474
571,Landcover-76322
572,Landcover-76406
573,Landcover-77643
574,Landcover-78405
575,Landcover-78918
576,Landcover-85604
577,Landcover-87405
578,Landcover-87482
579,Landcover-101558
580,Landcover-103589
581,Landcover-103651
582,Landcover-107993
583,Landcover-109734
584,Landcover-111526
585,Landcover-111570
586,Landcover-113751
587,Landcover-118405
588,Landcover-118968
589,Landcover-126967
590,Landcover-127471
591,Landcover-128758
592,Landcover-129921
593,Landcover-130647
594,Landcover-131319
595,Landcover-135292
596,Landcover-136207
597,Landcover-137181
598,Landcover-138098
599,Landcover-138647
600,Landcover-139312
601,Landcover-141097
602,Landcover-143551
603,Landcover-143843
604,Landcover-144196
605,Landcover-145671
606,Landcover-147767
607,Landcover-150025
608,Landcover-150965
609,Landcover-151915
610,Landcover-152545
611,Landcover-153205
612,Landcover-157534
613,Landcover-158246
614,Landcover-164102
615,Landcover-168741
616,Landcover-177073
617,Landcover-177932
618,Landcover-178265
619,Landcover-178548
620,Landcover-178658
621,Landcover-181823
622,Landcover-193121
623,Landcover-194781
624,Landcover-195713
625,Landcover-201896
626,Landcover-204339
627,Landcover-208906
628,Landcover-208980
629,Landcover-209101
630,Landcover-209395
631,Landcover-213868
632,Landcover-215461
633,Landcover-216379
634,Landcover-217330
635,Landcover-218785
636,Landcover-219801
637,Landcover-220751
638,Landcover-221879
639,Landcover-222743
640,Landcover-222927
641,Landcover-230632
642,Landcover-231288
643,Landcover-233121
644,Landcover-240370
645,Landcover-242250
646,Landcover-242541
647,Landcover-242828
648,Landcover-243237
649,Landcover-243896
650,Landcover-246073
651,Landcover-249224
652,Landcover-249419
653,Landcover-249847
654,Landcover-250084
655,Landcover-251703
656,Landcover-252668
657,Landcover-252903
658,Landcover-253138
659,Landcover-253328
660,Landcover-253871
661,Landcover-254890
662,Landcover-255756
663,Landcover-256879
664,Landcover-257287
665,Landcover-257303
666,Landcover-257604
667,Landcover-258168
668,Landcover-259229
669,Landcover-259613
670,Landcover-260028
671,Landcover-262119
672,Landcover-263127
673,Landcover-263815
674,Landcover-264458
675,Landcover-264608
676,Landcover-264847
677,Landcover-264977
678,Landcover-265444
679,Landcover-265767
680,Landcover-266873
681,Landcover-267714
682,Landcover-267943
683,Landcover-270285
684,Landcover-272822
685,Landcover-273495
686,Landcover-279130
687,Landcover-279236
688,Landcover-280735
689,Landcover-285751
690,Landcover-286756
691,Landcover-287302
692,Landcover-293743
693,Landcover-295090
694,Landcover-302297
695,Landcover-307134
696,Landcover-308173
697,Landcover-308441
698,Landcover-311007
699,Landcover-313560
700,Landcover-315196
701,Landcover-318841
702,Landcover-320219
703,Landcover-322020
704,Landcover-322281
705,Landcover-324595
706,Landcover-329448
707,Landcover-329772
708,Landcover-334044
709,Landcover-336386
710,Landcover-336772
711,Landcover-342036
712,Landcover-347255
713,Landcover-347434
714,Landcover-349915
715,Landcover-350442
716,Landcover-355764
717,Landcover-356633
718,Landcover-357310
719,Landcover-358697
720,Landcover-359715
721,Landcover-359896
722,Landcover-361545
723,Landcover-363569
724,Landcover-365203
725,Landcover-369954
726,Landcover-372357
727,Landcover-374287
728,Landcover-376322
729,Landcover-379840
730,Landcover-384763
731,Landcover-387086
732,Landcover-387497
733,Landcover-391101
734,Landcover-394716
735,Landcover-395980
736,Landcover-396746
737,Landcover-399031
738,Landcover-401132
739,Landcover-403229
740,Landcover-403323
741,Landcover-403718
742,Landcover-406681
743,Landcover-407654
744,Landcover-407661
745,Landcover-407860
746,Landcover-407982
747,Landcover-408113
748,Landcover-408385
749,Landcover-408750
750,Landcover-408909
751,Landcover-410825
752,Landcover-410874
753,Landcover-411103
754,Landcover-415038
755,Landcover-415242
756,Landcover-416256
757,Landcover-417290
758,Landcover-418192
759,Landcover-418264
760,Landcover-419470
761,Landcover-419664
762,Landcover-420163
763,Landcover-420213
764,Landcover-420366
765,Landcover-421719
766,Landcover-423278
767,Landcover-424465
768,Landcover-425222
769,Landcover-426159
770,Landcover-427931
771,Landcover-429529
772,Landcover-431158
773,Landcover-432655
774,Landcover-433623
775,Landcover-434108
776,Landcover-434989
777,Landcover-435607
778,Landcover-435978
779,Landcover-439069
780,Landcover-439214
781,Landcover-440762
782,Landcover-443512
783,Landcover-448500
784,Landcover-451845
785,Landcover-453809
786,Landcover-456429
787,Landcover-457726
788,Landcover-461460
789,Landcover-463162
790,Landcover-464017
791,Landcover-465639
792,Landcover-467351
793,Landcover-467707
794,Landcover-471402
795,Landcover-478665
796,Landcover-480432
797,Landcover-484965
798,Landcover-485204
799,Landcover-485345
800,Landcover-490317
801,Landcover-491912
802,Landcover-492483
803,Landcover-497894
804,Landcover-498713
805,Landcover-500397
806,Landcover-507046
807,Landcover-508376
808,Landcover-509724
809,Landcover-510210
810,Landcover-510797
811,Landcover-518688
812,Landcover-519652
813,Landcover-524154
814,Landcover-526127
815,Landcover-531966
816,Landcover-532565
817,Landcover-533445
818,Landcover-533774
819,Landcover-536622
820,Landcover-539168
821,Landcover-541146
822,Landcover-543304
823,Landcover-544894
824,Landcover-545549
825,Landcover-552630
826,Landcover-552862
827,Landcover-558207
828,Landcover-561361
829,Landcover-564734
830,Landcover-572052
831,Landcover-575669
832,Landcover-575678
833,Landcover-577033
834,Landcover-578968
835,Landcover-579295
836,Landcover-584115
837,Landcover-584734
838,Landcover-588518
839,Landcover-588912
840,Landcover-592294
841,Landcover-593094
842,Landcover-595605
843,Landcover-597826
844,Landcover-599093
845,Landcover-600240
846,Landcover-601227
847,Landcover-602705
848,Landcover-604127
849,Landcover-604673
850,Landcover-604821
851,Landcover-605509
852,Landcover-605578
853,Landcover-606295
854,Landcover-607672
855,Landcover-607741
856,Landcover-609309
857,Landcover-609918
858,Landcover-611000
859,Landcover-611207
860,Landcover-611417
861,Landcover-612967
862,Landcover-613267
863,Landcover-613328
864,Landcover-613467
865,Landcover-614366
866,Landcover-616966
867,Landcover-620852
868,Landcover-622063
869,Landcover-622782
870,Landcover-622801
871,Landcover-625319
872,Landcover-626987
873,Landcover-629165
874,Landcover-632301
875,Landcover-634340
876,Landcover-635262
877,Landcover-636175
878,Landcover-646012
879,Landcover-646516
880,Landcover-653152
881,Landcover-655675
882,Landcover-655687
883,Landcover-655933
884,Landcover-656948
885,Landcover-661654
886,Landcover-662303
887,Landcover-664916
888,Landcover-665772
889,Landcover-667899
890,Landcover-669183
891,Landcover-672550
892,Landcover-673677
893,Landcover-675618
894,Landcover-682065
895,Landcover-682490
896,Landcover-682943
897,Landcover-685907
898,Landcover-689237
899,Landcover-689360
900,Landcover-691825
901,Landcover-692235
902,Landcover-692735
903,Landcover-693691
904,Landcover-696006
905,Landcover-697170
906,Landcover-697241
907,Landcover-710633
908,Landcover-710856
909,Landcover-711297
910,Landcover-714290
911,Landcover-715968
912,Landcover-716014
913,Landcover-717636
914,Landcover-720444
915,Landcover-720673
916,Landcover-721656
917,Landcover-722382
918,Landcover-723520
919,Landcover-724110
920,Landcover-724842
921,Landcover-726068
922,Landcover-726136
923,Landcover-726269
924,Landcover-726318
925,Landcover-726326
926,Landcover-726973
927,Landcover-727236
928,Landcover-728104
929,Landcover-728411
930,Landcover-728605
931,Landcover-729117
932,Landcover-729404
933,Landcover-729469
934,Landcover-730059
935,Landcover-730227
936,Landcover-730846
937,Landcover-730953
938,Landcover-731394
939,Landcover-731898
940,Landcover-732230
941,Landcover-732844
942,Landcover-733193
943,Landcover-737794
944,Landcover-738071
945,Landcover-739646
946,Landcover-739728
947,Landcover-740491
948,Landcover-740603
949,Landcover-740664
950,Landcover-742030
951,Landcover-742331
952,Landcover-743110
953,Landcover-743192
954,Landcover-743346
955,Landcover-743840
956,Landcover-744745
957,Landcover-746405
958,Landcover-750496
959,Landcover-752963
960,Landcover-754143
961,Landcover-755082
962,Landcover-755325
963,Landcover-755976
964,Landcover-757797
965,Landcover-766519
966,Landcover-766638
967,Landcover-767178
968,Landcover-768727
969,Landcover-768728
970,Landcover-768744
971,Landcover-768750
972,Landcover-768751
973,Landcover-768753
974,Landcover-768757
975,Landcover-768762
976,Landcover-768768
977,Landcover-768781
978,Landcover-768793
979,Landcover-768797
980,Landcover-768820
981,Landcover-768822
982,Landcover-768836
983,Landcover-768847
984,Landcover-768855
985,Landcover-768865
986,Landcover-768880
987,Landcover-768882
988,Landcover-768904
989,Landcover-768922
990,Landcover-768927
991,Landcover-768930
992,Landcover-768934
993,Landcover-768937
994,Landcover-768945
995,Landcover-768951
996,Landcover-768955
997,Landcover-768961
998,Landcover-768969
999,Landcover-768983
1000,Landcover-769000
1001,Landcover-769015
1002,Landcover-769019
1003,Landcover-769024
1004,Landcover-769026
1005,Landcover-769031
1006,Landcover-769046
1007,Landcover-769048
1008,Landcover-769065
1009,Landcover-769074
1010,Landcover-769082
1011,Landcover-769085
1012,Landcover-769092
1013,Landcover-769096
1014,Landcover-769104
1015,Landcover-769110
1016,Landcover-769119
1017,Landcover-769123
1018,Landcover-769132
1019,Landcover-769145
1020,Landcover-769157
1021,Landcover-769158
1022,Landcover-769161
1023,Landcover-769168
1024,Landcover-769183
1025,Landcover-769186
1026,Landcover-769190
1027,Landcover-769191
1028,Landcover-769196
1029,Landcover-769201
1030,Landcover-769202
1031,Landcover-769203
1032,Landcover-769210
1033,Landcover-769212
1034,Landcover-769227
1035,Landcover-769240
1036,Landcover-769241
1037,Landcover-769245
1038,Landcover-769246
1039,Landcover-769259
1040,Landcover-769283
1041,Landcover-769284
1042,Landcover-769296
1043,Landcover-769300
1044,Landcover-769305
1045,Landcover-769308
1046,Landcover-769312
1047,Landcover-769313
1048,Landcover-769317
1049,Landcover-769321
1050,Landcover-769323
1051,Landcover-769325
1052,Landcover-769326
1053,Landcover-769329
1054,Landcover-769333
1055,Landcover-769347
1056,Landcover-769356
1057,Landcover-769361
1058,Landcover-769369
1059,Landcover-769378
1060,Landcover-769387
1061,Landcover-769404
1062,Landcover-769418
1063,Landcover-769428
1064,Landcover-769446
1065,Landcover-769452
1066,Landcover-769464
1067,Landcover-769472
1068,Landcover-769473
1069,Landcover-769482
1070,Landcover-769486
1071,Landcover-769492
1072,Landcover-769501
1073,Landcover-769502
1074,Landcover-769506
1075,Landcover-769514
1076,Landcover-769524
1077,Landcover-769527
1078,Landcover-769529
1079,Landcover-769539
1080,Landcover-769563
1081,Landcover-769567
1082,Landcover-769585
1083,Landcover-769598
1084,Landcover-769603
1085,Landcover-769614
1086,Landcover-769617
1087,Landcover-769621
1088,Landcover-769627
1089,Landcover-769629
1090,Landcover-769641
1091,Landcover-769647
1092,Landcover-769662
1093,Landcover-769666
1094,Landcover-769669
1095,Landcover-769673
1096,Landcover-769675
1097,Landcover-769676
1098,Landcover-769685
1099,Landcover-769706
1100,Landcover-769715
1101,Landcover-769720
1102,Landcover-769752
1103,Landcover-769754
1104,Landcover-769757
1105,Landcover-769766
1106,Landcover-769772
1107,Landcover-769781
1108,Landcover-769793
1109,Landcover-769795
1110,Landcover-769800
1111,Landcover-769809
1112,Landcover-769811
1113,Landcover-769830
1114,Landcover-769837
1115,Landcover-769844
1116,Landcover-769848
1117,Landcover-769850
1118,Landcover-769851
1119,Landcover-769852
1120,Landcover-769855
1121,Landcover-769859
1122,Landcover-769862
1123,Landcover-769874
1124,Landcover-769876
1125,Landcover-769879
1126,Landcover-769881
1127,Landcover-769902
1128,Landcover-769921
1129,Landcover-769928
1130,Landcover-769931
1131,Landcover-769944
1132,Landcover-769947
1133,Landcover-769948
1134,Landcover-769949
1135,Landcover-769950
1136,Landcover-769954
1137,Landcover-769966
1138,Landcover-769970
1139,Landcover-769978
1140,Landcover-769979
1141,Landcover-769981
1142,Landcover-769991
1143,Landcover-769997
1144,Landcover-769999
1145,Landcover-770000
1146,Landcover-770005
1147,Landcover-770006
1148,Landcover-770013
1149,Landcover-770019
1150,Landcover-770021
1151,Landcover-770023
1152,Landcover-770024
1153,Landcover-770025
1154,Landcover-770031
1155,Landcover-770032
1156,Landcover-770033
1157,Landcover-770046
1158,Landcover-770048
1159,Landcover-770063
1160,Landcover-770075
1161,Landcover-770080
1162,Landcover-770085
1163,Landcover-770096
1164,Landcover-770099
1165,Landcover-770101
1166,Landcover-770115
1167,Landcover-770137
1168,Landcover-770154
1169,Landcover-770156
1170,Landcover-770157
1171,Landcover-770160
1172,Landcover-770165
1173,Landcover-770166
1174,Landcover-770170
1175,Landcover-770179
1176,Landcover-770186
1177,Landcover-770190
1178,Landcover-770198
1179,Landcover-770201
1180,Landcover-770203
1181,Landcover-770206
1182,Landcover-770220
1183,Landcover-770233
1184,Landcover-770236
1185,Landcover-770251
1186,Landcover-770255
1187,Landcover-770263
1188,Landcover-770265
1189,Landcover-770267
1190,Landcover-770280
1191,Landcover-770288
1192,Landcover-770313
1193,Landcover-770317
1194,Landcover-770323
1195,Landcover-770326
1196,Landcover-770330
1197,Landcover-770347
1198,Landcover-770352
1199,Landcover-770355
1200,Landcover-770359
1201,Landcover-770370
1202,Landcover-770371
1203,Landcover-770381
1204,Landcover-770383
1205,Landcover-770384
1206,Landcover-770387
1207,Landcover-770388
1208,Landcover-770391
1209,Landcover-770393
1210,Landcover-770397
1211,Landcover-770403
1212,Landcover-770409
1213,Landcover-770421
1214,Landcover-770428
1215,Landcover-770431
1216,Landcover-770441
1217,Landcover-770444
1218,Landcover-770446
1219,Landcover-770448
1220,Landcover-770453
1221,Landcover-770459
1222,Landcover-770474
1223,Landcover-770484
1224,Landcover-770495
1225,Landcover-770506
1226,Landcover-770507
1227,Landcover-770509
1228,Landcover-770516
1229,Landcover-770525
1230,Landcover-770529
1231,Landcover-770541
1232,Landcover-770543
1233,Landcover-770544
1234,Landcover-770555
1235,Landcover-770556
1236,Landcover-770557
1237,Landcover-770564
1238,Landcover-770572
1239,Landcover-770574
1240,Landcover-770580
1241,Landcover-770582
1242,Landcover-770583
1243,Landcover-770586
1244,Landcover-770588
1245,Landcover-770591
1246,Landcover-770594
1247,Landcover-770595
1248,Landcover-770597
1249,Landcover-770606
1250,Landcover-770611
1251,Landcover-770614
1252,Landcover-770617
1253,Landcover-770621
1254,Landcover-770624
1255,Landcover-770626
1256,Landcover-770627
1257,Landcover-770630
1258,Landcover-770641
1259,Landcover-770643
1260,Landcover-770650
1261,Landcover-770656
1262,Landcover-770707
1263,Landcover-770709
1264,Landcover-770715
1265,Landcover-770723
1266,Landcover-770726
1267,Landcover-770728
1268,Landcover-770730
1269,Landcover-770735
1270,Landcover-770738
1271,Landcover-770743
1272,Landcover-770748
1273,Landcover-770753
1274,Landcover-770774
1275,Landcover-770776
1276,Landcover-770794
1277,Landcover-770797
1278,Landcover-770802
1279,Landcover-770806
1280,Landcover-770840
1281,Landcover-770845
1282,Landcover-770846
1283,Landcover-770855
1284,Landcover-770872
1285,Landcover-770884
1286,Landcover-770886
1287,Landcover-770888
1288,Landcover-770889
1289,Landcover-770893
1290,Landcover-770902
1291,Landcover-770919
1292,Landcover-770920
1293,Landcover-770937
1294,Landcover-770940
1295,Landcover-770954
1296,Landcover-770957
1297,Landcover-770964
1298,Landcover-770976
1299,Landcover-770989
1300,Landcover-771042
1301,Landcover-771052
1302,Landcover-771059
1303,Landcover-771067
1304,Landcover-771074
1305,Landcover-771094
1306,Landcover-771131
1307,Landcover-771134
1308,Landcover-771139
1309,Landcover-771142
1310,Landcover-771145
1311,Landcover-771156
1312,Landcover-771157
1313,Landcover-771158
1314,Landcover-771178
1315,Landcover-771200
1316,Landcover-771211
1317,Landcover-771231
1318,Landcover-771250
1319,Landcover-771259
1320,Landcover-771267
1321,Landcover-771270
1322,Landcover-771273
1323,Landcover-771274
1324,Landcover-771275
1325,Landcover-771287
1326,Landcover-771293
1327,Landcover-771300
1328,Landcover-771310
1329,Landcover-771315
1330,Landcover-771322
1331,Landcover-771333
1332,Landcover-771336
1333,Landcover-771339
1334,Landcover-771344
1335,Landcover-771348
1336,Landcover-771354
1337,Landcover-771355
1338,Landcover-771368
1339,Landcover-771385
1340,Landcover-771389
1341,Landcover-771396
1342,Landcover-771400
1343,Landcover-771406
1344,Landcover-771411
1345,Landcover-771419
1346,Landcover-771425
1347,Landcover-771433
1348,Landcover-771435
1349,Landcover-771442
1350,Landcover-771443
1351,Landcover-771451
1352,Landcover-771455
1353,Landcover-771461
1354,Landcover-771464
1355,Landcover-771477
1356,Landcover-771480
1357,Landcover-771484
1358,Landcover-771485
1359,Landcover-771489
1360,Landcover-771497
1361,Landcover-771501
1362,Landcover-771513
1363,Landcover-771521
1364,Landcover-771531
1365,Landcover-771536
1366,Landcover-771547
1367,Landcover-771550
1368,Landcover-771557
1369,Landcover-771559
1370,Landcover-771571
1371,Landcover-771593
1372,Landcover-771598
1373,Landcover-771599
1374,Landcover-771602
1375,Landcover-771606
1376,Landcover-771612
1377,Landcover-771622
1378,Landcover-771624
1379,Landcover-771631
1380,Landcover-771634
1381,Landcover-771636
1382,Landcover-771655
1383,Landcover-771663
1384,Landcover-771664
1385,Landcover-771667
1386,Landcover-771671
1387,Landcover-771686
1388,Landcover-771703
1389,Landcover-771704
1390,Landcover-771712
1391,Landcover-771717
1392,Landcover-771724
1393,Landcover-771725
1394,Landcover-771738
1395,Landcover-771743
1396,Landcover-771757
1397,Landcover-771770
1398,Landcover-771779
1399,Landcover-771785
1400,Landcover-771787
1401,Landcover-771794
1402,Landcover-771799
1403,Landcover-771808
1404,Landcover-771812
1405,Landcover-771816
1406,Landcover-771818
1407,Landcover-771819
1408,Landcover-771823
1409,Landcover-771830
1410,Landcover-771837
1411,Landcover-771838
1412,Landcover-771839
1413,Landcover-771842
1414,Landcover-771848
1415,Landcover-771857
1416,Landcover-771858
1417,Landcover-771859
1418,Landcover-771867
1419,Landcover-771883
1420,Landcover-771889
1421,Landcover-771892
1422,Landcover-771896
1423,Landcover-771898
1424,Landcover-771901
1425,Landcover-771933
1426,Landcover-771936
1427,Landcover-771950
1428,Landcover-771965
1429,Landcover-771975
1430,Landcover-771981
1431,Landcover-771984
1432,Landcover-772003
1433,Landcover-772023
1434,Landcover-772026
1435,Landcover-772032
1436,Landcover-772033
1437,Landcover-772052
1438,Landcover-772053
1439,Landcover-772055
1440,Landcover-772058
1441,Landcover-772063
1442,Landcover-772074
1443,Landcover-772076
1444,Landcover-772078
1445,Landcover-772089
1446,Landcover-772092
1447,Landcover-772098
1448,Landcover-772101
1449,Landcover-772105
1450,Landcover-772106
1451,Landcover-772107
1452,Landcover-772117
1453,Landcover-772161
1454,Landcover-772165
1455,Landcover-772167
1456,Landcover-772171
1457,Landcover-772174
1458,Landcover-772194
1459,Landcover-772217
1460,Landcover-772218
1461,Landcover-772224
1462,Landcover-772226
1463,Landcover-772227
1464,Landcover-772240
1465,Landcover-772248
1466,Landcover-772255
1467,Landcover-772262
1468,Landcover-772280
1469,Landcover-772287
1470,Landcover-772293
1471,Landcover-772299
1472,Landcover-772300
1473,Landcover-772309
1474,Landcover-772310
1475,Landcover-772315
1476,Landcover-772326
1477,Landcover-772328
1478,Landcover-772334
1479,Landcover-772339
1480,Landcover-772344
1481,Landcover-772345
1482,Landcover-772349
1483,Landcover-772361
1484,Landcover-772363
1485,Landcover-772365
1486,Landcover-772373
1487,Landcover-772390
1488,Landcover-772399
1489,Landcover-772407
1490,Landcover-772416
1491,Landcover-772421
1492,Landcover-772423
1493,Landcover-772431
1494,Landcover-772433
1495,Landcover-772444
1496,Landcover-772458
1497,Landcover-772459
1498,Landcover-772475
1499,Landcover-772489
1500,Landcover-772492
1501,Landcover-772493
1502,Landcover-772495
1503,Landcover-772514
1504,Landcover-772518
1505,Landcover-772533
1506,Landcover-772549
1507,Landcover-772556
1508,Landcover-772561
1509,Landcover-772567
1510,Landcover-772568
1511,Landcover-772577
1512,Landcover-772593
1513,Landcover-772597
1514,Landcover-772599
1515,Landcover-772601
1516,Landcover-772608
1517,Landcover-772609
1518,Landcover-772615
1519,Landcover-772618
1520,Landcover-772632
1521,Landcover-772634
1522,Landcover-772640
1523,Landcover-772641
1524,Landcover-772652
1525,Landcover-772654
1526,Landcover-772676
1527,Landcover-772691
1528,Landcover-772693
1529,Landcover-772697
1530,Landcover-772717
1531,Landcover-772720
1532,Landcover-772747
1533,Landcover-772753
1534,Landcover-772755
1535,Landcover-772763
1536,Landcover-772780
1537,Landcover-772784
1538,Landcover-772786
1539,Landcover-772794
1540,Landcover-772796
1541,Landcover-772813
1542,Landcover-772841
1543,Landcover-772844
1544,Landcover-772855
1545,Landcover-772879
1546,Landcover-772893
1547,Landcover-772908
1548,Landcover-772918
1549,Landcover-772924
1550,Landcover-772948
1551,Landcover-772952
1552,Landcover-772953
1553,Landcover-772956
1554,Landcover-772967
1555,Landcover-772992
1556,Landcover-772999
1557,Landcover-773002
1558,Landcover-773029
1559,Landcover-773030
1560,Landcover-773037
1561,Landcover-773043
1562,Landcover-773047
1563,Landcover-773050
1564,Landcover-773057
1565,Landcover-773075
1566,Landcover-773079
1567,Landcover-773086
1568,Landcover-773088
1569,Landcover-773107
1570,Landcover-773119
1571,Landcover-773172
1572,Landcover-773176
1573,Landcover-773183
1574,Landcover-773185
1575,Landcover-773189
1576,Landcover-773190
1577,Landcover-773211
1578,Landcover-773213
1579,Landcover-773214
1580,Landcover-773215
1581,Landcover-773219
1582,Landcover-773225
1583,Landcover-773229
1584,Landcover-773233
1585,Landcover-773239
1586,Landcover-773243
1587,Landcover-773245
1588,Landcover-773246
1589,Landcover-773257
1590,Landcover-773260
1591,Landcover-773262
1592,Landcover-773264
1593,Landcover-773272
1594,Landcover-773283
1595,Landcover-773288
1596,Landcover-773298
1597,Landcover-773302
1598,Landcover-773306
1599,Landcover-773315
1600,Landcover-773316
1601,Landcover-773332
1602,Landcover-773334
1603,Landcover-773336
1604,Landcover-773359
1605,Landcover-773360
1606,Landcover-773363
1607,Landcover-773372
1608,Landcover-773380
1609,Landcover-773387
1610,Landcover-773401
1611,Landcover-773404
1612,Landcover-773405
1613,Landcover-773412
1614,Landcover-773427
1615,Landcover-773451
1616,Landcover-773454
1617,Landcover-773455
1618,Landcover-773460
1619,Landcover-773471
1620,Landcover-773481
1621,Landcover-773487
1622,Landcover-773492
1623,Landcover-773502
1624,Landcover-773504
1625,Landcover-773508
1626,Landcover-773516
1627,Landcover-773521
1628,Landcover-773522
1629,Landcover-773533
1630,Landcover-773552
1631,Landcover-773553
1632,Landcover-773556
1633,Landcover-773562
1634,Landcover-773567
1635,Landcover-773570
1636,Landcover-773576
1637,Landcover-773578
1638,Landcover-773580
1639,Landcover-773581
1640,Landcover-773585
1641,Landcover-773586
1642,Landcover-773589
1643,Landcover-773593
1644,Landcover-773594
1645,Landcover-773597
1646,Landcover-773610
1647,Landcover-773616
1648,Landcover-773628
1649,Landcover-773630
1650,Landcover-773635
1651,Landcover-773654
1652,Landcover-773655
1653,Landcover-773662
1654,Landcover-773669
1655,Landcover-773675
1656,Landcover-773681
1657,Landcover-773682
1658,Landcover-773686
1659,Landcover-773692
1660,Landcover-773695
1661,Landcover-773696
1662,Landcover-773697
1663,Landcover-773702
1664,Landcover-773705
1665,Landcover-773713
1666,Landcover-773715
1667,Landcover-773718
1668,Landcover-773723
1669,Landcover-773725
1670,Landcover-773732
1671,Landcover-773741
1672,Landcover-773745
1673,Landcover-773748
1674,Landcover-773755
1675,Landcover-773769
1676,Landcover-773775
1677,Landcover-773781
1678,Landcover-773792
1679,Landcover-773801
1680,Landcover-773821
1681,Landcover-773826
1682,Landcover-773831
1683,Landcover-773834
1684,Landcover-773835
1685,Landcover-773837
1686,Landcover-773838
1687,Landcover-773840
1688,Landcover-773841
1689,Landcover-773844
1690,Landcover-773845
1691,Landcover-773848
1692,Landcover-773857
1693,Landcover-773873
1694,Landcover-773898
1695,Landcover-773900
1696,Landcover-773903
1697,Landcover-773911
1698,Landcover-773920
1699,Landcover-773921
1700,Landcover-773927
1701,Landcover-773930
1702,Landcover-773931
1703,Landcover-773933
1704,Landcover-773939
1705,Landcover-773941
1706,Landcover-773959
1707,Landcover-773966
1708,Landcover-773980
1709,Landcover-773986
1710,Landcover-773990
1711,Landcover-773993
1712,Landcover-773997
1713,Landcover-774000
1714,Landcover-774002
1715,Landcover-774010
1716,Landcover-774014
1717,Landcover-774020
1718,Landcover-774021
1719,Landcover-774030
1720,Landcover-774031
1721,Landcover-774036
1722,Landcover-774042
1723,Landcover-774047
1724,Landcover-774048
1725,Landcover-774054
1726,Landcover-774063
1727,Landcover-774071
1728,Landcover-774076
1729,Landcover-774079
1730,Landcover-774089
1731,Landcover-774100
1732,Landcover-774102
1733,Landcover-774107
1734,Landcover-774122
1735,Landcover-774138
1736,Landcover-774139
1737,Landcover-774153
1738,Landcover-774161
1739,Landcover-774163
1740,Landcover-774167
1741,Landcover-774179
1742,Landcover-774182
1743,Landcover-774183
1744,Landcover-774200
1745,Landcover-774208
1746,Landcover-774217
1747,Landcover-774220
1748,Landcover-774225
1749,Landcover-774241
1750,Landcover-774250
1751,Landcover-774293
1752,Landcover-774297
1753,Landcover-774301
1754,Landcover-774303
1755,Landcover-774305
1756,Landcover-774319
1757,Landcover-774322
1758,Landcover-774333
1759,Landcover-774339
1760,Landcover-774345
1761,Landcover-774354
1762,Landcover-774361
1763,Landcover-774366
1764,Landcover-774372
1765,Landcover-774375
1766,Landcover-774413
1767,Landcover-774421
1768,Landcover-774432
1769,Landcover-774437
1770,Landcover-774443
1771,Landcover-774445
1772,Landcover-774458
1773,Landcover-774485
1774,Landcover-774497
1775,Landcover-774501
1776,Landcover-774502
1777,Landcover-774503
1778,Landcover-774519
1779,Landcover-774525
1780,Landcover-774535
1781,Landcover-774540
1782,Landcover-774559
1783,Landcover-774560
1784,Landcover-774574
1785,Landcover-774579
1786,Landcover-774587
1787,Landcover-774588
1788,Landcover-774602
1789,Landcover-774604
1790,Landcover-774609
1791,Landcover-774615
1792,Landcover-774616
1793,Landcover-774629
1794,Landcover-774630
1795,Landcover-774632
1796,Landcover-774662
1797,Landcover-774665
1798,Landcover-774680
1799,Landcover-774708
1800,Landcover-774709
1801,Landcover-774719
1802,Landcover-774720
1803,Landcover-774721
1804,Landcover-774726
1805,Landcover-774731
1806,Landcover-774733
1807,Landcover-774736
1808,Landcover-774739
1809,Landcover-774745
1810,Landcover-774749
1811,Landcover-774756
1812,Landcover-774759
1813,Landcover-774761
1814,Landcover-774768
1815,Landcover-774771
1816,Landcover-774775
1817,Landcover-774777
1818,Landcover-774778
1819,Landcover-774783
1820,Landcover-774803
1821,Landcover-774804
1822,Landcover-774806
1823,Landcover-774807
1824,Landcover-774812
1825,Landcover-774823
1826,Landcover-774841
1827,Landcover-774852
1828,Landcover-774854
1829,Landcover-774869
1830,Landcover-774871
1831,Landcover-774886
1832,Landcover-774887
1833,Landcover-774892
1834,Landcover-774895
1835,Landcover-774896
1836,Landcover-774915
1837,Landcover-774916
1838,Landcover-774922
1839,Landcover-774926
1840,Landcover-774947
1841,Landcover-774948
1842,Landcover-774957
1843,Landcover-774962
1844,Landcover-774966
1845,Landcover-774972
1846,Landcover-774990
1847,Landcover-774998
1848,Landcover-774999
1849,Landcover-775000
1850,Landcover-775001
1851,Landcover-775003
1852,Landcover-775014
1853,Landcover-775021
1854,Landcover-775038
1855,Landcover-775047
1856,Landcover-775048
1857,Landcover-775055
1858,Landcover-775063
1859,Landcover-775074
1860,Landcover-775085
1861,Landcover-775092
1862,Landcover-775094
1863,Landcover-775096
1864,Landcover-775098
1865,Landcover-775100
1866,Landcover-775101
1867,Landcover-775110
1868,Landcover-775113
1869,Landcover-775135
1870,Landcover-775145
1871,Landcover-775157
1872,Landcover-775168
1873,Landcover-775170
1874,Landcover-775177
1875,Landcover-775179
1876,Landcover-775188
1877,Landcover-775211
1878,Landcover-775215
1879,Landcover-775216
1880,Landcover-775223
1881,Landcover-775229
1882,Landcover-775235
1883,Landcover-775236
1884,Landcover-775242
1885,Landcover-775251
1886,Landcover-775252
1887,Landcover-775261
1888,Landcover-775262
1889,Landcover-775289
1890,Landcover-775299
1891,Landcover-775300
1892,Landcover-775303
1893,Landcover-775308
1894,Landcover-775313
1895,Landcover-775321
1896,Landcover-775327
1897,Landcover-775341
1898,Landcover-775345
1899,Landcover-775346
1900,Landcover-775347
1901,Landcover-775350
1902,Landcover-775359
1903,Landcover-775372
1904,Landcover-775380
1905,Landcover-775382
1906,Landcover-775383
1907,Landcover-775385
1908,Landcover-775404
1909,Landcover-775426
1910,Landcover-775432
1911,Landcover-775435
1912,Landcover-775437
1913,Landcover-775438
1914,Landcover-775440
1915,Landcover-775446
1916,Landcover-775449
1917,Landcover-775453
1918,Landcover-775458
1919,Landcover-775469
1920,Landcover-775473
1921,Landcover-775475
1922,Landcover-775488
1923,Landcover-775489
1924,Landcover-775511
1925,Landcover-775513
1926,Landcover-775516
1927,Landcover-775518
1928,Landcover-775521
1929,Landcover-775524
1930,Landcover-775527
1931,Landcover-775530
1932,Landcover-775538
1933,Landcover-775545
1934,Landcover-775554
1935,Landcover-775555
1936,Landcover-775560
1937,Landcover-775562
1938,Landcover-775563
1939,Landcover-775566
1940,Landcover-775577
1941,Landcover-775579
1942,Landcover-775582
1943,Landcover-775583
1944,Landcover-775604
1945,Landcover-775605
1946,Landcover-775612
1947,Landcover-775617
1948,Landcover-775619
1949,Landcover-775630
1950,Landcover-775635
1951,Landcover-775637
1952,Landcover-775640
1953,Landcover-775645
1954,Landcover-775651
1955,Landcover-775655
1956,Landcover-775659
1957,Landcover-775660
1958,Landcover-775663
1959,Landcover-775664
1960,Landcover-775665
1961,Landcover-775670
1962,Landcover-775674
1963,Landcover-775678
1964,Landcover-775683
1965,Landcover-775685
1966,Landcover-775686
1967,Landcover-775706
1968,Landcover-775707
1969,Landcover-775721
1970,Landcover-775723
1971,Landcover-775726
1972,Landcover-775729
1973,Landcover-775760
1974,Landcover-775761
1975,Landcover-775765
1976,Landcover-775766
1977,Landcover-775774
1978,Landcover-775779
1979,Landcover-775780
1980,Landcover-775781
1981,Landcover-775795
1982,Landcover-775796
1983,Landcover-775816
1984,Landcover-775818
1985,Landcover-775819
1986,Landcover-775824
1987,Landcover-775828
1988,Landcover-775837
1989,Landcover-775838
1990,Landcover-775840
1991,Landcover-775845
1992,Landcover-775847
1993,Landcover-775853
1994,Landcover-775859
1995,Landcover-775881
1996,Landcover-775887
1997,Landcover-775903
1998,Landcover-775912
1999,Landcover-775913
2000,Landcover-775922
2001,Landcover-775932
2002,Landcover-775942
2003,Landcover-775946
2004,Landcover-775958
2005,Landcover-775963
2006,Landcover-775976
2007,Landcover-775981
2008,Landcover-775990
2009,Landcover-776002
2010,Landcover-776008
2011,Landcover-776011
2012,Landcover-776017
2013,Landcover-776022
2014,Landcover-776027
2015,Landcover-776040
2016,Landcover-776046
2017,Landcover-776048
2018,Landcover-776052
2019,Landcover-776054
2020,Landcover-776059
2021,Landcover-776060
2022,Landcover-776074
2023,Landcover-776079
2024,Landcover-776084
2025,Landcover-776098
2026,Landcover-776106
2027,Landcover-776120
2028,Landcover-776129
2029,Landcover-776133
2030,Landcover-776143
2031,Landcover-776152
2032,Landcover-776153
2033,Landcover-776164
2034,Landcover-776166
2035,Landcover-776183
2036,Landcover-776185
2037,Landcover-776197
2038,Landcover-776198
2039,Landcover-776204
2040,Landcover-776211
2041,Landcover-776216
2042,Landcover-776220
2043,Landcover-776224
2044,Landcover-776226
2045,Landcover-776227
2046,Landcover-776231
2047,Landcover-776232
2048,Landcover-776234
2049,Landcover-776238
2050,Landcover-776251
2051,Landcover-776260
2052,Landcover-776262
2053,Landcover-776275
2054,Landcover-776291
2055,Landcover-776295
2056,Landcover-776300
2057,Landcover-776306
2058,Landcover-776309
2059,Landcover-776311
2060,Landcover-776314
2061,Landcover-776318
2062,Landcover-776321
2063,Landcover-776327
2064,Landcover-776329
2065,Landcover-776332
2066,Landcover-776333
2067,Landcover-776335
2068,Landcover-776336
2069,Landcover-776340
2070,Landcover-776343
2071,Landcover-776349
2072,Landcover-776353
2073,Landcover-776375
2074,Landcover-776385
2075,Landcover-776388
2076,Landcover-776390
2077,Landcover-776397
2078,Landcover-776398
2079,Landcover-776399
2080,Landcover-776403
2081,Landcover-776416
2082,Landcover-776424
2083,Landcover-776430
2084,Landcover-776445
2085,Landcover-776455
2086,Landcover-776458
2087,Landcover-776460
2088,Landcover-776465
2089,Landcover-776480
2090,Landcover-776489
2091,Landcover-776491
2092,Landcover-776493
2093,Landcover-776517
2094,Landcover-776519
2095,Landcover-776526
2096,Landcover-776527
2097,Landcover-776533
2098,Landcover-776534
2099,Landcover-776535
2100,Landcover-776539
2101,Landcover-776553
2102,Landcover-776562
2103,Landcover-776564
2104,Landcover-776566
2105,Landcover-776576
2106,Landcover-776579
2107,Landcover-776597
2108,Landcover-776598
2109,Landcover-776602
2110,Landcover-776611
2111,Landcover-776629
2112,Landcover-776636
2113,Landcover-776641
2114,Landcover-776648
2115,Landcover-776649
2116,Landcover-776657
2117,Landcover-776662
2118,Landcover-776663
2119,Landcover-776667
2120,Landcover-776686
2121,Landcover-776690
2122,Landcover-776695
2123,Landcover-776704
2124,Landcover-776710
2125,Landcover-776711
2126,Landcover-776712
2127,Landcover-776729
2128,Landcover-776738
2129,Landcover-776752
2130,Landcover-776756
2131,Landcover-776759
2132,Landcover-776763
2133,Landcover-776765
2134,Landcover-776774
2135,Landcover-776780
2136,Landcover-776781
2137,Landcover-776784
2138,Landcover-776785
2139,Landcover-776787
2140,Landcover-776788
2141,Landcover-776801
2142,Landcover-776812
2143,Landcover-776815
2144,Landcover-776823
2145,Landcover-776824
2146,Landcover-776829
2147,Landcover-776837
2148,Landcover-776838
2149,Landcover-776846
2150,Landcover-776852
2151,Landcover-776864
2152,Landcover-776873
2153,Landcover-776895
2154,Landcover-776898
2155,Landcover-776902
2156,Landcover-776905
2157,Landcover-776914
2158,Landcover-776918
2159,Landcover-776921
2160,Landcover-776929
2161,Landcover-776932
2162,Landcover-776948
2163,Landcover-776952
2164,Landcover-776955
2165,Landcover-776957
2166,Landcover-776960
2167,Landcover-776961
2168,Landcover-776965
2169,Landcover-776973
2170,Landcover-776984
2171,Landcover-776989
2172,Landcover-776992
2173,Landcover-776993
2174,Landcover-776999
2175,Landcover-777013
2176,Landcover-777021
2177,Landcover-777024
2178,Landcover-777026
2179,Landcover-777031
2180,Landcover-777048
2181,Landcover-777049
2182,Landcover-777056
2183,Landcover-777060
2184,Landcover-777074
2185,Landcover-777078
2186,Landcover-777079
2187,Landcover-777080
2188,Landcover-777081
2189,Landcover-777095
2190,Landcover-777099
2191,Landcover-777101
2192,Landcover-777114
2193,Landcover-777118
2194,Landcover-777159
2195,Landcover-777162
2196,Landcover-777163
2197,Landcover-777165
2198,Landcover-777169
2199,Landcover-777174
2200,Landcover-777175
2201,Landcover-777177
2202,Landcover-777179
2203,Landcover-777210
2204,Landcover-777225
2205,Landcover-777228
2206,Landcover-777229
2207,Landcover-777231
2208,Landcover-777239
2209,Landcover-777240
2210,Landcover-777247
2211,Landcover-777248
2212,Landcover-777254
2213,Landcover-777264
2214,Landcover-777269
2215,Landcover-777301
2216,Landcover-777302
2217,Landcover-777310
2218,Landcover-777313
2219,Landcover-777318
2220,Landcover-777323
2221,Landcover-777327
2222,Landcover-777340
2223,Landcover-777344
2224,Landcover-777348
2225,Landcover-777349
2226,Landcover-777350
2227,Landcover-777358
2228,Landcover-777366
2229,Landcover-777370
2230,Landcover-777372
2231,Landcover-777377
2232,Landcover-777387
2233,Landcover-777402
2234,Landcover-777404
2235,Landcover-777410
2236,Landcover-777412
2237,Landcover-777414
2238,Landcover-777416
2239,Landcover-777422
2240,Landcover-777424
2241,Landcover-777426
2242,Landcover-777432
2243,Landcover-777447
2244,Landcover-777454
2245,Landcover-777475
2246,Landcover-777477
2247,Landcover-777479
2248,Landcover-777480
2249,Landcover-777481
2250,Landcover-777494
2251,Landcover-777507
2252,Landcover-777516
2253,Landcover-777518
2254,Landcover-777527
2255,Landcover-777531
2256,Landcover-777536
2257,Landcover-777537
2258,Landcover-777541
2259,Landcover-777542
2260,Landcover-777556
2261,Landcover-777576
2262,Landcover-777588
2263,Landcover-777602
2264,Landcover-777618
2265,Landcover-777620
2266,Landcover-777624
2267,Landcover-777627
2268,Landcover-777635
2269,Landcover-777653
2270,Landcover-777654
2271,Landcover-777656
2272,Landcover-777663
2273,Landcover-777666
2274,Landcover-777673
2275,Landcover-777677
2276,Landcover-777678
2277,Landcover-777684
2278,Landcover-777689
2279,Landcover-777691
2280,Landcover-777700
2281,Landcover-777701
2282,Landcover-777703
2283,Landcover-777712
2284,Landcover-777713
2285,Landcover-777718
2286,Landcover-777722
2287,Landcover-777736
2288,Landcover-777739
2289,Landcover-777744
2290,Landcover-777760
2291,Landcover-777766
2292,Landcover-777778
2293,Landcover-777781
2294,Landcover-777786
2295,Landcover-777801
2296,Landcover-777803
2297,Landcover-777808
2298,Landcover-777817
2299,Landcover-777832
2300,Landcover-777835
2301,Landcover-777850
2302,Landcover-777857
2303,Landcover-777863
2304,Landcover-777872
2305,Landcover-777875
2306,Landcover-777876
2307,Landcover-777882
2308,Landcover-777892
2309,Landcover-777893
2310,Landcover-777897
2311,Landcover-777907
2312,Landcover-777908
2313,Landcover-777916
2314,Landcover-777933
2315,Landcover-777938
2316,Landcover-777946
2317,Landcover-777953
2318,Landcover-777955
2319,Landcover-777962
2320,Landcover-777985
2321,Landcover-777988
2322,Landcover-777995
2323,Landcover-777998
2324,Landcover-778004
2325,Landcover-778009
2326,Landcover-778022
2327,Landcover-778027
2328,Landcover-778033
2329,Landcover-778039
2330,Landcover-778043
2331,Landcover-778052
2332,Landcover-778057
2333,Landcover-778059
2334,Landcover-778065
2335,Landcover-778073
2336,Landcover-778080
2337,Landcover-778089
2338,Landcover-778091
2339,Landcover-778102
2340,Landcover-778106
2341,Landcover-778108
2342,Landcover-778116
2343,Landcover-778120
2344,Landcover-778124
2345,Landcover-778133
2346,Landcover-778143
2347,Landcover-778154
2348,Landcover-778157
2349,Landcover-778162
2350,Landcover-778163
2351,Landcover-778167
2352,Landcover-778168
2353,Landcover-778174
2354,Landcover-778178
2355,Landcover-778183
2356,Landcover-778186
2357,Landcover-778191
2358,Landcover-778202
2359,Landcover-778212
2360,Landcover-778229
2361,Landcover-778242
2362,Landcover-778248
2363,Landcover-778249
2364,Landcover-778282
2365,Landcover-778290
2366,Landcover-778293
2367,Landcover-778294
2368,Landcover-778305
2369,Landcover-778328
2370,Landcover-778340
2371,Landcover-778341
2372,Landcover-778345
2373,Landcover-778346
2374,Landcover-778349
2375,Landcover-778356
2376,Landcover-778367
2377,Landcover-778369
2378,Landcover-778382
2379,Landcover-778388
2380,Landcover-778391
2381,Landcover-778394
2382,Landcover-778396
2383,Landcover-778407
2384,Landcover-778410
2385,Landcover-778411
2386,Landcover-778419
2387,Landcover-778433
2388,Landcover-778463
2389,Landcover-778469
2390,Landcover-778476
2391,Landcover-778489
2392,Landcover-778491
2393,Landcover-778499
2394,Landcover-778521
2395,Landcover-778523
2396,Landcover-778530
2397,Landcover-778534
2398,Landcover-778535
2399,Landcover-778539
2400,Landcover-778542
2401,Landcover-778549
2402,Landcover-778551
2403,Landcover-778552
2404,Landcover-778554
2405,Landcover-778557
2406,Landcover-778573
2407,Landcover-778579
2408,Landcover-778587
2409,Landcover-778627
2410,Landcover-778632
2411,Landcover-778634
2412,Landcover-778663
2413,Landcover-778683
2414,Landcover-778687
2415,Landcover-778689
2416,Landcover-778715
2417,Landcover-778717
2418,Landcover-778723
2419,Landcover-778731
2420,Landcover-778743
2421,Landcover-778756
2422,Landcover-778775
2423,Landcover-778776
2424,Landcover-779287
2425,Landcover-783591
2426,Landcover-785992
2427,Landcover-790009
2428,Landcover-790719
2429,Landcover-790784
2430,Landcover-790888
2431,Landcover-791283
2432,Landcover-793085
2433,Landcover-793637
2434,Landcover-795169
2435,Landcover-797000
2436,Landcover-799882
2437,Landcover-800507
2438,Landcover-801291
2439,Landcover-801463
2440,Landcover-801984
2441,Landcover-802701
2442,Landcover-803731
2443,Landcover-805118
2444,Landcover-805418
2445,Landcover-806052
2446,Landcover-806708
2447,Landcover-807640
2448,Landcover-812305
2449,Landcover-813579
2450,Landcover-816178
2451,Landcover-817333
2452,Landcover-817664
2453,Landcover-818580
2454,Landcover-822338
2455,Landcover-822906
2456,Landcover-823696
2457,Landcover-826131
2458,Landcover-827855
2459,Landcover-830181
2460,Landcover-836934
2461,Landcover-841682
2462,Landcover-842467
2463,Landcover-843523
2464,Landcover-846347
2465,Landcover-848098
2466,Landcover-849673
2467,Landcover-854301
2468,Landcover-856745
2469,Landcover-858596
2470,Landcover-864892
2471,Landcover-868810
2472,Landcover-871192
2473,Landcover-876184
2474,Landcover-878254
2475,Landcover-888505
2476,Landcover-889538
2477,Landcover-890848
2478,Landcover-891395
2479,Landcover-892146
2480,Landcover-892835
2481,Landcover-894223
2482,Landcover-894532
2483,Landcover-896994
2484,Landcover-898682
2485,Landcover-906415
2486,Landcover-909687
2487,Landcover-911245
2488,Landcover-913388
2489,Landcover-914091
2490,Landcover-921966
2491,Landcover-926949
2492,Landcover-927486
2493,Landcover-929039
2494,Landcover-934632
2495,Landcover-936484
2496,Landcover-936725
2497,Landcover-936894
2498,Landcover-936904
2499,Landcover-941773
2500,Landcover-942166
2501,Landcover-942569
2502,Landcover-949534
2503,Landcover-955196
2504,Landcover-955740
2505,Landcover-955960
2506,Landcover-958598
2507,Landcover-960901
2508,Landcover-968340
2509,Landcover-972287
2510,Landcover-975316
2511,Landcover-983333
2512,Landcover-989288
2513,Landcover-990382
2514,Landcover-995043
2515,Landcover-1000781
2516,Landcover-1001391
2517,Landcover-1005122
2518,Landcover-1005247
2519,Landcover-1005683
2520,Landcover-1007588
2521,Landcover-1012195
2522,Landcover-1015249
2523,Landcover-1017400
2524,Landcover-1023735
2525,Landcover-1034296
2526,Landcover-1041077
2527,Landcover-1043012
2528,Landcover-1044301
2529,Landcover-1050212
2530,Landcover-1051941
2531,Landcover-1054340
2532,Landcover-1054446
2533,Landcover-1054447
2534,Landcover-1054640
2535,Landcover-1055121
2536,Landcover-1055261
2537,Landcover-1055524
2538,Landcover-1055616
2539,Landcover-1055619
2540,Landcover-1055780
2541,Landcover-1056030
2542,Landcover-1056204
2543,Landcover-1056809
2544,Landcover-1057196
2545,Landcover-1058565
2546,Landcover-1060086
2547,Landcover-1061179
2548,Landcover-1062079
2549,Landcover-1062091
2550,Landcover-1062315
2551,Landcover-1067341
2552,Landcover-1076748
2553,Landcover-1081723
2554,Landcover-1082059
2555,Landcover-1085003
2556,Landcover-1088712
2557,Landcover-1089746
2558,Landcover-1089999
2559,Landcover-1090136
2560,Landcover-1092105
2561,Landcover-1092951
2562,Landcover-1095901
2563,Landcover-1099917
2564,Landcover-1103713
2565,Landcover-1105538
2566,Landcover-1105578
2567,Landcover-1105813
2568,Landcover-1107665
2569,Landcover-1109726
2570,Landcover-1109896
2571,Landcover-1110216
2572,Landcover-1115285
2573,Landcover-1119525
2574,Landcover-1125298
2575,Landcover-1125667
2576,Landcover-1131528
2577,Landcover-1133173
2578,Landcover-1135711
2579,Landcover-1141448
2580,Landcover-1144627
2581,Landcover-1151515
2582,Landcover-1153788
2583,Landcover-1153797
2584,Landcover-1157702
2585,Landcover-1163303
2586,Landcover-1164740
2587,Landcover-1172863
2588,Landcover-1173023
2589,Landcover-1174386
2590,Landcover-1175919
2591,Landcover-1177166
2592,Landcover-1177375
2593,Landcover-1177737
2594,Landcover-1179579
2595,Landcover-1187358
2596,Landcover-1193948
2597,Landcover-1194061
2598,Landcover-1195578
2599,Landcover-1196043
2600,Landcover-1197710
2601,Landcover-1203714
2602,Landcover-1206068
2603,Landcover-1208960
2604,Landcover-1210235
2605,Landcover-1216264
2606,Landcover-1216427
2607,Landcover-1217802
2608,Landcover-1219432
2609,Landcover-1220068
2610,Landcover-1220962
2611,Landcover-1222077
2612,Landcover-1223688
2613,Landcover-1227257
2614,Landcover-1235759
2615,Landcover-1241820
2616,Landcover-1244624
2617,Landcover-1245521
2618,Landcover-1247328
2619,Landcover-1247682
2620,Landcover-1248348
2621,Landcover-1248470
2622,Landcover-1249396
2623,Landcover-1250454
2624,Landcover-1250546
2625,Landcover-1251767
2626,Landcover-1252270
2627,Landcover-1253880
2628,Landcover-1265701
2629,Landcover-1266451
2630,Landcover-1266589
2631,Landcover-1268967
2632,Landcover-1270452
2633,Landcover-1272027
2634,Landcover-1274598
2635,Landcover-1282806
2636,Landcover-1282897
2637,Landcover-1286593
2638,Landcover-1287118
2639,Landcover-1293488
2640,Landcover-1294842
2641,Landcover-1295513
2642,Landcover-1295678
2643,Landcover-1300482
2644,Landcover-1301708
2645,Landcover-1301729
2646,Landcover-1302319
2647,Landcover-1304310
2648,Landcover-1306348
2649,Landcover-1306378
2650,Landcover-1310370
2651,Landcover-1311202
2652,Landcover-1315299
2653,Landcover-1316418
2654,Landcover-1316463
2655,Landcover-1317815
2656,Landcover-1318737
2657,Landcover-1320285
2658,Landcover-1321867
2659,Landcover-1323880
2660,Landcover-1324392
2661,Landcover-1327487
2662,Landcover-1329144
2663,Landcover-1332292
2664,Landcover-1333668
2665,Landcover-1336326
2666,Landcover-1337578
2667,Landcover-1339025
2668,Landcover-1339590
2669,Landcover-1341591
2670,Landcover-1344679
2671,Landcover-1350235
2672,Landcover-1351136
2673,Landcover-1353156
2674,Landcover-1353495
2675,Landcover-1354112
2676,Landcover-1354463
2677,Landcover-1354585
2678,Landcover-1355398
2679,Landcover-1356262
2680,Landcover-1359029
2681,Landcover-1361058
2682,Landcover-1362414
2683,Landcover-1363149
2684,Landcover-1363564
2685,Landcover-1364026
2686,Landcover-1366985
2687,Landcover-1370300
2688,Landcover-1370371
2689,Landcover-1370395
2690,Landcover-1371026
2691,Landcover-1371274
2692,Landcover-1372406
2693,Landcover-1374848
2694,Landcover-1377171
2695,Landcover-1378768
2696,Landcover-1380119
2697,Landcover-1386573
2698,Landcover-1392962
2699,Landcover-1395263
2700,Landcover-1397126
2701,Landcover-1398109
2702,Landcover-1399169
2703,Landcover-1403893
2704,Landcover-1409794
2705,Landcover-1410900
2706,Landcover-1414401
2707,Landcover-1416619
2708,Landcover-1417431
2709,Landcover-1418799
2710,Landcover-1419458
2711,Landcover-1423442
2712,Landcover-1425149
2713,Landcover-1425791
2714,Landcover-1425813
2715,Landcover-1430012
2716,Landcover-1434114
2717,Landcover-1436463
2718,Landcover-1437131
2719,Landcover-1443247
2720,Landcover-1454245
2721,Landcover-1455806
2722,Landcover-1455963
2723,Landcover-1456982
2724,Landcover-1458476
2725,Landcover-1461678
2726,Landcover-1462584
2727,Landcover-1463609
2728,Landcover-1464961
2729,Landcover-1466184
2730,Landcover-1472914
2731,Landcover-1475216
2732,Landcover-1479372
2733,Landcover-1494031
2734,Landcover-1494828
2735,Landcover-1497211
2736,Landcover-1503213
2737,Landcover-1509008
2738,Landcover-1511438
2739,Landcover-1518934
2740,Landcover-1522342
2741,Landcover-1527559
2742,Landcover-1530223
2743,Landcover-1531455
2744,Landcover-1534788
2745,Landcover-1536263
2746,Landcover-1537543
2747,Landcover-1538664
2748,Landcover-1543758
2749,Landcover-1545657
2750,Landcover-1550129
2751,Landcover-1555657
2752,Landcover-1560392
2753,Landcover-1561223
2754,Landcover-1562130
2755,Landcover-1562332
2756,Landcover-1562422
2757,Landcover-1563992
2758,Landcover-1568682
2759,Landcover-1568936
2760,Landcover-1575869
2761,Landcover-1576149
2762,Landcover-1576589
2763,Landcover-1577137
2764,Landcover-1579267
2765,Landcover-1580035
2766,Landcover-1587484
2767,Landcover-1588648
2768,Landcover-1588923
2769,Landcover-1589243
2770,Landcover-1593978
2771,Landcover-1595976
2772,Landcover-1600729
2773,Landcover-1607491
2774,Landcover-1609132
2775,Landcover-1609250
2776,Landcover-1611190
2777,Landcover-1616830
2778,Landcover-1617369
2779,Landcover-1617643
2780,Landcover-1618498
2781,Landcover-1620763
2782,Landcover-1623813
2783,Landcover-1625131
2784,Landcover-1626399
2785,Landcover-1627034
2786,Landcover-1629417
2787,Landcover-1629935
2788,Landcover-1630383
2789,Landcover-1633085
2790,Landcover-1633929
2791,Landcover-1634113
2792,Landcover-1636716
2793,Landcover-1636764
2794,Landcover-1636988
2795,Landcover-1637140
2796,Landcover-1637587
2797,Landcover-1637836
2798,Landcover-1638131
2799,Landcover-1638730
2800,Landcover-1639747
2801,Landcover-1640238
2802,Landcover-1640857
2803,Landcover-1642096
2804,Landcover-1642140
2805,Landcover-1643038
2806,Landcover-1643186
2807,Landcover-1646385
2808,Landcover-1647053
2809,Landcover-1649331
2810,Landcover-1650482
2811,Landcover-1654533
2812,Landcover-1656624
2813,Landcover-1657071
2814,Landcover-1659564
2815,Landcover-1663127
2816,Landcover-1665000
2817,Landcover-1666825
2818,Landcover-1669096
2819,Landcover-1670545
2820,Landcover-1671533
2821,Landcover-1673775
2822,Landcover-1677052
2823,Landcover-1679823
2824,Landcover-1680289
2825,Landcover-1682404
2826,Landcover-1684377
2827,Landcover-1685760
2828,Landcover-1686315
2829,Landcover-1690489
2830,Landcover-1696712
2831,Landcover-1696774
2832,Landcover-1701528
2833,Landcover-1701757
2834,Landcover-1702966
2835,Landcover-1703250
2836,Landcover-1708142
2837,Landcover-1710025
2838,Landcover-1711108
2839,Landcover-1712318
2840,Landcover-1717158
2841,Landcover-1718559
2842,Landcover-1718782
2843,Landcover-1718956
2844,Landcover-1726708
2845,Landcover-1726777
2846,Landcover-1727740
2847,Landcover-1730939
2848,Landcover-1733540
2849,Landcover-1733908
2850,Landcover-1736070
2851,Landcover-1738487
2852,Landcover-1739837
2853,Landcover-1742289
2854,Landcover-1744069
2855,Landcover-1745317
2856,Landcover-1745548
2857,Landcover-1747043
2858,Landcover-1749328
2859,Landcover-1750984
2860,Landcover-1754802
2861,Landcover-1755129
2862,Landcover-1756350
2863,Landcover-1756610
2864,Landcover-1762395
2865,Landcover-1770139
2866,Landcover-1770367
2867,Landcover-1772198
2868,Landcover-1772350
2869,Landcover-1774388
2870,Landcover-1775852
2871,Landcover-1777193
2872,Landcover-1778310
2873,Landcover-1778469
2874,Landcover-1783140
2875,Landcover-1784876
2876,Landcover-1785605
2877,Landcover-1788393
2878,Landcover-1788464
2879,Landcover-1788547
2880,Landcover-1788571
2881,Landcover-1788688
2882,Landcover-1790894
2883,Landcover-1791894
2884,Landcover-1792913
2885,Landcover-1793613
2886,Landcover-1796941
2887,Landcover-1797549
2888,Landcover-1802405
2889,Landcover-1802539
2890,Landcover-1804514
2891,Landcover-1805100
2892,Landcover-1807085
2893,Landcover-1810995
2894,Landcover-1813749
2895,Landcover-1817915
2896,Landcover-1820617
2897,Landcover-1825196
2898,Landcover-1825428
2899,Landcover-1825468
2900,Landcover-1829255
2901,Landcover-1831525
2902,Landcover-1832865
2903,Landcover-1833184
2904,Landcover-1833412
2905,Landcover-1839842
2906,Landcover-1840240
2907,Landcover-1843261
2908,Landcover-1845463
2909,Landcover-1846975
2910,Landcover-1847574
2911,Landcover-1850169
2912,Landcover-1851542
2913,Landcover-1851799
2914,Landcover-1852906
2915,Landcover-1854180
2916,Landcover-1858289
2917,Landcover-1858917
2918,Landcover-1858920
2919,Landcover-1859860
2920,Landcover-1861245
2921,Landcover-1862170
2922,Landcover-1863564
2923,Landcover-1863947
2924,Landcover-1864471
2925,Landcover-1864782
2926,Landcover-1865521
2927,Landcover-1865542
2928,Landcover-1872536
2929,Landcover-1873362
2930,Landcover-1876321
2931,Landcover-1877569
2932,Landcover-1878855
2933,Landcover-1880212
2934,Landcover-1880628
2935,Landcover-1880994
2936,Landcover-1882030
2937,Landcover-1882765
2938,Landcover-1883555
2939,Landcover-1885518
2940,Landcover-1887315
2941,Landcover-1887341
2942,Landcover-1888396
2943,Landcover-1889147
2944,UNHCR-3645
2945,UNHCR-7977
2946,UNHCR-AFGs000003
2947,UNHCR-AFGs003914
2948,UNHCR-AFGs015390
2949,UNHCR-AFGs026087
2950,UNHCR-AGOs003821
2951,UNHCR-AGOs003823
2952,UNHCR-AZEs002227
2953,UNHCR-AZEs002228
2954,UNHCR-AZEs003149
2955,UNHCR-AZEs003151
2956,UNHCR-AZEs003152
2957,UNHCR-AZEs003158
2958,UNHCR-BDIs003896
2959,UNHCR-BFAs003156
2960,UNHCR-BFAs004224
2961,UNHCR-BFAs004479
2962,UNHCR-BFAs004480
2963,UNHCR-BFAs004481
2964,UNHCR-BFAs004482
2965,UNHCR-BFAs004485
2966,UNHCR-BFAs004486
2967,UNHCR-BFAs004495
2968,UNHCR-BFAs004498
2969,UNHCR-BFAs004502
2970,UNHCR-BFAs004506
2971,UNHCR-BFAs004515
2972,UNHCR-BFAs004520
2973,UNHCR-BFAs004527
2974,UNHCR-BFAs004528
2975,UNHCR-BFAs004530
2976,UNHCR-BFAs004533
2977,UNHCR-BFAs004538
2978,UNHCR-BFAs004540
2979,UNHCR-BFAs004551
2980,UNHCR-BFAs004554
2981,UNHCR-BFAs004558
2982,UNHCR-BFAs004562
2983,UNHCR-BFAs004565
2984,UNHCR-BFAs004567
2985,UNHCR-BFAs004578
2986,UNHCR-BFAs004579
2987,UNHCR-BFAs004584
2988,UNHCR-BFAs004586
2989,UNHCR-BFAs004600
2990,UNHCR-BFAs004616
2991,UNHCR-BFAs004617
2992,UNHCR-BFAs004620
2993,UNHCR-BFAs004622
2994,UNHCR-BFAs004628
2995,UNHCR-BFAs004629
2996,UNHCR-BFAs004631
2997,UNHCR-BFAs004632
2998,UNHCR-BFAs004634
2999,UNHCR-BFAs004643
3000,UNHCR-BFAs004646
3001,UNHCR-BFAs004655
3002,UNHCR-BFAs004660
3003,UNHCR-BFAs004662
3004,UNHCR-BGDs032264
3005,UNHCR-BGDs032272
3006,UNHCR-BGRs002331
3007,UNHCR-BIHs008566
3008,UNHCR-BIHs008577
3009,UNHCR-BLRs003161
3010,UNHCR-BLRs003164
3011,UNHCR-BOLs003164
3012,UNHCR-BOLs003165
3013,UNHCR-BRAs003183
3014,UNHCR-BRAs003192
3015,UNHCR-BRAs003200
3016,UNHCR-CAFs000088
3017,UNHCR-CAFs005203
3018,UNHCR-CAFs005209
3019,UNHCR-CAFs005221
3020,UNHCR-CAFs005225
3021,UNHCR-CAFs005242
3022,UNHCR-CAFs033233
3023,UNHCR-CAFs033235
3024,UNHCR-CAFs033243
3025,UNHCR-CAFs033250
3026,UNHCR-CAFs033253
3027,UNHCR-CAFs033268
3028,UNHCR-CAFs033270
3029,UNHCR-CAFs033272
3030,UNHCR-CAFs033278
3031,UNHCR-CHEs003033
3032,UNHCR-CHNs003196
3033,UNHCR-CHNs003197
3034,UNHCR-CMRs004003
3035,UNHCR-CMRs004020
3036,UNHCR-CMRs004036
3037,UNHCR-CMRs004042
3038,UNHCR-CMRs004049
3039,UNHCR-CMRs004061
3040,UNHCR-CMRs005230
3041,UNHCR-CMRs008574
3042,UNHCR-CMRs008577
3043,UNHCR-CMRs008591
3044,UNHCR-CMRs008632
3045,UNHCR-CMRs008646
3046,UNHCR-CMRs008657
3047,UNHCR-CMRs009177
3048,UNHCR-CMRs009615
3049,UNHCR-CMRs009617
3050,UNHCR-CMRs009621
3051,UNHCR-CMRs009622
3052,UNHCR-CMRs009635
3053,UNHCR-CMRs016489
3054,UNHCR-CMRs016501
3055,UNHCR-CMRs016503
3056,UNHCR-CMRs016504
3057,UNHCR-CMRs032265
3058,UNHCR-CMRs032267
3059,UNHCR-CMRs032270
3060,UNHCR-CMRs032271
3061,UNHCR-CMRs032288
3062,UNHCR-CODs002391
3063,UNHCR-CODs002678
3064,UNHCR-CODs002679
3065,UNHCR-CODs003203
3066,UNHCR-CODs003835
3067,UNHCR-CODs003869
3068,UNHCR-CODs003870
3069,UNHCR-CODs003955
3070,UNHCR-CODs003958
3071,UNHCR-CODs004703
3072,UNHCR-CODs004760
3073,UNHCR-CODs004964
3074,UNHCR-CODs005136
3075,UNHCR-CODs005179
3076,UNHCR-CODs006942
3077,UNHCR-CODs006944
3078,UNHCR-CODs026828
3079,UNHCR-CODs026832
3080,UNHCR-CODs026833
3081,UNHCR-CODs031867
3082,UNHCR-CODs031871
3083,UNHCR-COGs000102
3084,UNHCR-COGs002910
3085,UNHCR-COGs002922
3086,UNHCR-COGs002943
3087,UNHCR-COGs002952
3088,UNHCR-COGs002972
3089,UNHCR-COGs002975
3090,UNHCR-COGs002978
3091,UNHCR-COGs002979
3092,UNHCR-COGs004877
3093,UNHCR-COGs004977
3094,UNHCR-COGs004997
3095,UNHCR-COGs010046
3096,UNHCR-COGs026824
3097,UNHCR-COGs031852
3098,UNHCR-COGs031854
3099,UNHCR-COGs031856
3100,UNHCR-COLs003209
3101,UNHCR-COLs003224
3102,UNHCR-COLs003235
3103,UNHCR-COLs003237
3104,UNHCR-CZEs000123
3105,UNHCR-CZEs000126
3106,UNHCR-DJIs000145
3107,UNHCR-ECUs003228
3108,UNHCR-EGYs015319
3109,UNHCR-ERIs002007
3110,UNHCR-ETHs003238
3111,UNHCR-ETHs004074
3112,UNHCR-ETHs004109
3113,UNHCR-ETHs004591
3114,UNHCR-ETHs004633
3115,UNHCR-ETHs008604
3116,UNHCR-ETHs008605
3117,UNHCR-ETHs009626
3118,UNHCR-ETHs011867
3119,UNHCR-ETHs028027
3120,UNHCR-ETHs028031
3121,UNHCR-ETHs028034
3122,UNHCR-ETHs028039
3123,UNHCR-ETHs028884
3124,UNHCR-ETHs033346
3125,UNHCR-GEOs002452
3126,UNHCR-GEOs002464
3127,UNHCR-GEOs002467
3128,UNHCR-GEOs002468
3129,UNHCR-GEOs002473
3130,UNHCR-GEOs003066
3131,UNHCR-GHAs003586
3132,UNHCR-GHAs003590
3133,UNHCR-GHAs003610
3134,UNHCR-GHAs003624
3135,UNHCR-GHAs003633
3136,UNHCR-GHAs026075
3137,UNHCR-GMBs003273
3138,UNHCR-GMBs003298
3139,UNHCR-GMBs003335
3140,UNHCR-GMBs003346
3141,UNHCR-GMBs003386
3142,UNHCR-GMBs003392
3143,UNHCR-GMBs003407
3144,UNHCR-GMBs003416
3145,UNHCR-GMBs003424
3146,UNHCR-GMBs003434
3147,UNHCR-GMBs003442
3148,UNHCR-GNBs001053
3149,UNHCR-GNBs001069
3150,UNHCR-GNBs001074
3151,UNHCR-GNBs001075
3152,UNHCR-GNBs001091
3153,UNHCR-GNBs001099
3154,UNHCR-GNBs001116
3155,UNHCR-GNBs001132
3156,UNHCR-GRCs000010
3157,UNHCR-GRCs000043
3158,UNHCR-GRCs000052
3159,UNHCR-GRCs000055
3160,UNHCR-GRCs000063
3161,UNHCR-GRCs000066
3162,UNHCR-GRCs000069
3163,UNHCR-GRCs000078
3164,UNHCR-GRCs000084
3165,UNHCR-GRCs035267
3166,UNHCR-GRCs035283
3167,UNHCR-GRCs035292
3168,UNHCR-GRCs035294
3169,UNHCR-GRCs035297
3170,UNHCR-GRCs035302
3171,UNHCR-HRVs002489
3172,UNHCR-HRVs003027
3173,UNHCR-HUNs001856
3174,UNHCR-HUNs002541
3175,UNHCR-HUNs002665
3176,UNHCR-HUNs002669
3177,UNHCR-HUNs002676
3178,UNHCR-HUNs002677
3179,UNHCR-IDNs003280
3180,UNHCR-IDNs003281
3181,UNHCR-INDs003269
3182,UNHCR-INDs003271
3183,UNHCR-INDs003281
3184,UNHCR-INDs003288
3185,UNHCR-IRNs001061
3186,UNHCR-IRNs001065
3187,UNHCR-IRNs001075
3188,UNHCR-IRNs001083
3189,UNHCR-IRNs004103
3190,UNHCR-IRNs006123
3191,UNHCR-IRNs006124
3192,UNHCR-IRQs003072
3193,UNHCR-IRQs003273
3194,UNHCR-IRQs003277
3195,UNHCR-IRQs004242
3196,UNHCR-IRQs004652
3197,UNHCR-IRQs004654
3198,UNHCR-IRQs004655
3199,UNHCR-IRQs008165
3200,UNHCR-IRQs010037
3201,UNHCR-IRQs010041
3202,UNHCR-IRQs010044
3203,UNHCR-IRQs010047
3204,UNHCR-IRQs010052
3205,UNHCR-IRQs012298
3206,UNHCR-IRQs012307
3207,UNHCR-IRQs012310
3208,UNHCR-IRQs034980
3209,UNHCR-IRQs034997
3210,UNHCR-IRQs035003
3211,UNHCR-IRQs035034
3212,UNHCR-IRQs035064
3213,UNHCR-IRQs035095
3214,UNHCR-IRQs035114
3215,UNHCR-IRQs035120
3216,UNHCR-IRQs035122
3217,UNHCR-IRQs035150
3218,UNHCR-IRQs035153
3219,UNHCR-IRQs035180
3220,UNHCR-IRQs035182
3221,UNHCR-IRQs035187
3222,UNHCR-IRQs035201
3223,UNHCR-IRQs035248
3224,UNHCR-IRQs035254
3225,UNHCR-IRQs035256
3226,UNHCR-IRQs035263
3227,UNHCR-IRQs035273
3228,UNHCR-IRQs035285
3229,UNHCR-IRQs035293
3230,UNHCR-IRQs035301
3231,UNHCR-IRQs035311
3232,UNHCR-IRQs035351
3233,UNHCR-IRQs035355
3234,UNHCR-ISRs026076
3235,UNHCR-ISRs026084
3236,UNHCR-ITAs003024
3237,UNHCR-ITAs003031
3238,UNHCR-JORs004465
3239,UNHCR-KAZs003279
3240,UNHCR-KENs001091
3241,UNHCR-LBNs004287
3242,UNHCR-LBNs004306
3243,UNHCR-LBNs004365
3244,UNHCR-LBNs004386
3245,UNHCR-LBNs004412
3246,UNHCR-LBNs004418
3247,UNHCR-LBNs005195
3248,UNHCR-LBNs005218
3249,UNHCR-LBNs005234
3250,UNHCR-LBNs005243
3251,UNHCR-LBNs005266
3252,UNHCR-LBNs005292
3253,UNHCR-LBNs005355
3254,UNHCR-LBNs005466
3255,UNHCR-LBNs005486
3256,UNHCR-LBNs005489
3257,UNHCR-LBNs005616
3258,UNHCR-LBNs005681
3259,UNHCR-LBNs005767
3260,UNHCR-LBNs005778
3261,UNHCR-LBNs005815
3262,UNHCR-LBNs005845
3263,UNHCR-LBNs005962
3264,UNHCR-LBNs005985
3265,UNHCR-LBNs005997
3266,UNHCR-LBNs006005
3267,UNHCR-LBNs006049
3268,UNHCR-LBNs006171
3269,UNHCR-LBNs006251
3270,UNHCR-LBNs006297
3271,UNHCR-LBNs006309
3272,UNHCR-LBNs006349
3273,UNHCR-LBNs006370
3274,UNHCR-LBNs006384
3275,UNHCR-LBNs006439
3276,UNHCR-LBNs006446
3277,UNHCR-LBNs006452
3278,UNHCR-LBNs006453
3279,UNHCR-LBNs006481
3280,UNHCR-LBNs006516
3281,UNHCR-LBNs006547
3282,UNHCR-LBNs006592
3283,UNHCR-LBNs006613
3284,UNHCR-LBNs006641
3285,UNHCR-LBNs006645
3286,UNHCR-LBNs029606
3287,UNHCR-LBNs029718
3288,UNHCR-LBNs029954
3289,UNHCR-LBNs035102
3290,UNHCR-LBNs035116
3291,UNHCR-LBNs035134
3292,UNHCR-LBNs035150
3293,UNHCR-LBRs005076
3294,UNHCR-LBRs008778
3295,UNHCR-LSOs015388
3296,UNHCR-LTUs001108
3297,UNHCR-LVAs001097
3298,UNHCR-MARs008596
3299,UNHCR-MARs008597
3300,UNHCR-MARs008599
3301,UNHCR-MARs008600
3302,UNHCR-MKDs003294
3303,UNHCR-MKDs008569
3304,UNHCR-MLIs002667
3305,UNHCR-MLIs003306
3306,UNHCR-MLIs003311
3307,UNHCR-MLIs003314
3308,UNHCR-MLIs003325
3309,UNHCR-MLIs003330
3310,UNHCR-MLIs003334
3311,UNHCR-MLIs003336
3312,UNHCR-MLIs003340
3313,UNHCR-MLIs003341
3314,UNHCR-MLIs003342
3315,UNHCR-MLIs003343
3316,UNHCR-MLIs003346
3317,UNHCR-MLIs003354
3318,UNHCR-MMRs004544
3319,UNHCR-MMRs032259
3320,UNHCR-MMRs032270
3321,UNHCR-MMRs032293
3322,UNHCR-MMRs032304
3323,UNHCR-MMRs032322
3324,UNHCR-MMRs032324
3325,UNHCR-MMRs032329
3326,UNHCR-MMRs032345
3327,UNHCR-MMRs032353
3328,UNHCR-MMRs032374
3329,UNHCR-MMRs032379
3330,UNHCR-MMRs032380
3331,UNHCR-MMRs032392
3332,UNHCR-MMRs032402
3333,UNHCR-MMRs032427
3334,UNHCR-MMRs035142
3335,UNHCR-MMRs035148
3336,UNHCR-MMRs035154
3337,UNHCR-MMRs035156
3338,UNHCR-MMRs035162
3339,UNHCR-MMRs035165
3340,UNHCR-MMRs035169
3341,UNHCR-MMRs035173
3342,UNHCR-MMRs035186
3343,UNHCR-MMRs035191
3344,UNHCR-MMRs035203
3345,UNHCR-MMRs035212
3346,UNHCR-MMRs035255
3347,UNHCR-MMRs035277
3348,UNHCR-MMRs035282
3349,UNHCR-MMRs035284
3350,UNHCR-MMRs035290
3351,UNHCR-MMRs035293
3352,UNHCR-MMRs035319
3353,UNHCR-MMRs035345
3354,UNHCR-MMRs035361
3355,UNHCR-MMRs035387
3356,UNHCR-MMRs035404
3357,UNHCR-MMRs035408
3358,UNHCR-MMRs035438
3359,UNHCR-MMRs035442
3360,UNHCR-MMRs035446
3361,UNHCR-MMRs035448
3362,UNHCR-MNEs031416
3363,UNHCR-MOZs003310
3364,UNHCR-MOZs003313
3365,UNHCR-MOZs003315
3366,UNHCR-MRTs003289
3367,UNHCR-MWIs003305
3368,UNHCR-NAMs015386
3369,UNHCR-NERs009369
3370,UNHCR-NERs009378
3371,UNHCR-NERs009423
3372,UNHCR-NERs009427
3373,UNHCR-NERs009448
3374,UNHCR-NERs009467
3375,UNHCR-NERs009502
3376,UNHCR-NERs009505
3377,UNHCR-NERs009511
3378,UNHCR-NERs009514
3379,UNHCR-NERs009532
3380,UNHCR-NERs009542
3381,UNHCR-NERs009548
3382,UNHCR-NERs009558
3383,UNHCR-NERs009559
3384,UNHCR-NERs009571
3385,UNHCR-NERs009572
3386,UNHCR-NERs009585
3387,UNHCR-NERs009590
3388,UNHCR-NERs009615
3389,UNHCR-NERs009629
3390,UNHCR-NERs009630
3391,UNHCR-NERs009637
3392,UNHCR-NERs009638
3393,UNHCR-NERs009645
3394,UNHCR-NERs009649
3395,UNHCR-NERs009661
3396,UNHCR-NERs009664
3397,UNHCR-NERs009690
3398,UNHCR-NERs009692
3399,UNHCR-NERs009693
3400,UNHCR-NERs009694
3401,UNHCR-NERs009697
3402,UNHCR-NERs009700
3403,UNHCR-NERs009701
3404,UNHCR-NGAs026509
3405,UNHCR-NGAs026662
3406,UNHCR-NGAs026694
3407,UNHCR-NGAs026751
3408,UNHCR-NGAs028487
3409,UNHCR-NGAs028606
3410,UNHCR-NGAs035247
3411,UNHCR-NGAs035250
3412,UNHCR-NGAs035269
3413,UNHCR-NGAs035273
3414,UNHCR-NGAs035274
3415,UNHCR-NGAs035290
3416,UNHCR-NGAs035291
3417,UNHCR-NGAs035300
3418,UNHCR-NGAs035307
3419,UNHCR-NGAs035309
3420,UNHCR-NGAs035338
3421,UNHCR-NGAs035358
3422,UNHCR-NGAs035410
3423,UNHCR-NGAs035432
3424,UNHCR-NGAs035439
3425,UNHCR-NGAs035455
3426,UNHCR-NGAs035457
3427,UNHCR-NGAs035468
3428,UNHCR-NGAs035475
3429,UNHCR-NGAs035478
3430,UNHCR-NGAs035485
3431,UNHCR-NGAs035487
3432,UNHCR-NGAs035495
3433,UNHCR-NGAs035504
3434,UNHCR-NGAs035509
3435,UNHCR-NGAs035510
3436,UNHCR-NGAs035512
3437,UNHCR-NGAs035526
3438,UNHCR-NGAs035528
3439,UNHCR-NGAs035538
3440,UNHCR-NGAs035540
3441,UNHCR-NGAs035549
3442,UNHCR-NGAs035554
3443,UNHCR-NGAs035556
3444,UNHCR-NGAs035580
3445,UNHCR-NGAs035589
3446,UNHCR-NGAs035603
3447,UNHCR-NGAs035607
3448,UNHCR-NGAs035610
3449,UNHCR-NGAs035625
3450,UNHCR-NGAs035629
3451,UNHCR-NGAs035630
3452,UNHCR-NGAs035631
3453,UNHCR-NGAs035638
3454,UNHCR-NGAs035640
3455,UNHCR-NGAs035661
3456,UNHCR-NGAs035669
3457,UNHCR-NGAs035672
3458,UNHCR-NGAs035680
3459,UNHCR-NGAs035683
3460,UNHCR-NGAs035688
3461,UNHCR-NGAs035708
3462,UNHCR-NGAs035712
3463,UNHCR-NGAs035714
3464,UNHCR-NGAs035727
3465,UNHCR-NGAs035728
3466,UNHCR-NGAs035767
3467,UNHCR-NGAs035779
3468,UNHCR-NGAs035783
3469,UNHCR-NGAs035788
3470,UNHCR-NGAs035791
3471,UNHCR-NGAs035807
3472,UNHCR-NGAs035814
3473,UNHCR-NGAs035820
3474,UNHCR-NGAs035828
3475,UNHCR-NGAs035829
3476,UNHCR-NGAs035830
3477,UNHCR-NGAs035833
3478,UNHCR-NGAs035845
3479,UNHCR-NGAs035846
3480,UNHCR-NGAs035871
3481,UNHCR-NGAs035876
3482,UNHCR-NGAs035882
3483,UNHCR-NGAs035892
3484,UNHCR-NGAs035893
3485,UNHCR-NGAs035911
3486,UNHCR-NGAs035924
3487,UNHCR-NGAs035944
3488,UNHCR-NGAs035969
3489,UNHCR-NGAs035981
3490,UNHCR-NGAs035987
3491,UNHCR-NGAs035988
3492,UNHCR-NGAs035996
3493,UNHCR-NGAs036019
3494,UNHCR-NGAs036021
3495,UNHCR-NGAs036025
3496,UNHCR-NGAs036038
3497,UNHCR-NGAs036047
3498,UNHCR-NGAs036063
3499,UNHCR-NGAs036082
3500,UNHCR-NGAs036089
3501,UNHCR-NGAs036108
3502,UNHCR-NGAs036114
3503,UNHCR-NGAs036118
3504,UNHCR-NGAs036121
3505,UNHCR-NGAs036123
3506,UNHCR-NGAs036132
3507,UNHCR-NGAs036151
3508,UNHCR-NGAs036153
3509,UNHCR-NGAs036155
3510,UNHCR-NGAs036163
3511,UNHCR-NGAs036168
3512,UNHCR-NGAs036171
3513,UNHCR-NGAs036196
3514,UNHCR-NGAs036216
3515,UNHCR-NGAs036220
3516,UNHCR-NGAs036223
3517,UNHCR-NGAs036229
3518,UNHCR-NGAs036254
3519,UNHCR-NGAs036292
3520,UNHCR-NGAs036294
3521,UNHCR-NGAs036301
3522,UNHCR-NGAs036309
3523,UNHCR-NGAs036315
3524,UNHCR-NGAs036333
3525,UNHCR-NGAs036335
3526,UNHCR-NGAs036342
3527,UNHCR-NGAs036357
3528,UNHCR-NGAs036381
3529,UNHCR-NGAs036386
3530,UNHCR-NGAs036388
3531,UNHCR-NGAs036390
3532,UNHCR-NGAs036401
3533,UNHCR-NGAs036452
3534,UNHCR-NGAs036453
3535,UNHCR-NGAs036460
3536,UNHCR-NGAs036462
3537,UNHCR-NGAs036466
3538,UNHCR-NGAs036473
3539,UNHCR-NGAs036484
3540,UNHCR-NGAs036486
3541,UNHCR-NGAs036519
3542,UNHCR-NGAs036527
3543,UNHCR-NGAs036530
3544,UNHCR-NGAs036565
3545,UNHCR-NGAs036572
3546,UNHCR-NGAs036589
3547,UNHCR-NGAs036594
3548,UNHCR-NGAs036602
3549,UNHCR-NGAs036604
3550,UNHCR-NGAs036611
3551,UNHCR-NGAs036612
3552,UNHCR-NGAs036647
3553,UNHCR-NGAs036653
3554,UNHCR-NGAs036663
3555,UNHCR-NGAs036670
3556,UNHCR-NGAs036671
3557,UNHCR-NGAs036675
3558,UNHCR-NGAs036689
3559,UNHCR-NGAs036716
3560,UNHCR-NGAs036752
3561,UNHCR-NGAs036753
3562,UNHCR-NGAs036764
3563,UNHCR-NGAs036776
3564,UNHCR-NGAs036782
3565,UNHCR-NGAs036796
3566,UNHCR-NGAs036798
3567,UNHCR-NGAs036801
3568,UNHCR-NGAs036804
3569,UNHCR-NGAs036822
3570,UNHCR-NGAs036827
3571,UNHCR-NGAs036844
3572,UNHCR-NGAs036849
3573,UNHCR-NGAs036863
3574,UNHCR-NGAs036927
3575,UNHCR-NGAs036937
3576,UNHCR-NGAs036941
3577,UNHCR-NGAs036956
3578,UNHCR-NGAs036958
3579,UNHCR-NGAs036983
3580,UNHCR-NGAs037001
3581,UNHCR-NGAs037004
3582,UNHCR-NGAs037007
3583,UNHCR-NGAs037013
3584,UNHCR-NGAs037018
3585,UNHCR-NGAs037021
3586,UNHCR-NGAs037025
3587,UNHCR-NGAs037032
3588,UNHCR-NGAs037053
3589,UNHCR-NGAs037060
3590,UNHCR-NGAs037069
3591,UNHCR-NGAs037086
3592,UNHCR-NGAs037106
3593,UNHCR-NGAs037108
3594,UNHCR-NGAs037112
3595,UNHCR-NGAs037122
3596,UNHCR-NGAs037143
3597,UNHCR-NGAs037146
3598,UNHCR-NGAs037147
3599,UNHCR-NGAs037148
3600,UNHCR-NGAs037152
3601,UNHCR-NGAs037166
3602,UNHCR-NGAs037192
3603,UNHCR-NGAs037221
3604,UNHCR-NGAs037227
3605,UNHCR-NGAs037234
3606,UNHCR-NGAs037243
3607,UNHCR-NGAs037244
3608,UNHCR-NGAs037248
3609,UNHCR-NGAs037264
3610,UNHCR-NGAs037277
3611,UNHCR-NGAs037278
3612,UNHCR-NGAs037284
3613,UNHCR-NGAs037304
3614,UNHCR-NGAs037333
3615,UNHCR-NGAs037338
3616,UNHCR-NGAs037363
3617,UNHCR-NGAs037377
3618,UNHCR-NGAs037390
3619,UNHCR-NGAs037406
3620,UNHCR-NGAs037414
3621,UNHCR-NGAs037424
3622,UNHCR-NGAs037426
3623,UNHCR-NGAs037431
3624,UNHCR-NGAs037436
3625,UNHCR-NGAs037449
3626,UNHCR-NGAs037451
3627,UNHCR-NGAs037456
3628,UNHCR-NGAs037480
3629,UNHCR-NGAs037482
3630,UNHCR-NGAs037485
3631,UNHCR-NGAs037492
3632,UNHCR-NGAs037506
3633,UNHCR-NGAs037507
3634,UNHCR-NGAs037508
3635,UNHCR-NGAs037523
3636,UNHCR-NGAs037524
3637,UNHCR-NGAs037548
3638,UNHCR-NGAs037571
3639,UNHCR-NGAs037574
3640,UNHCR-NPLs003316
3641,UNHCR-PAKs003445
3642,UNHCR-PAKs003449
3643,UNHCR-PAKs003458
3644,UNHCR-PAKs003478
3645,UNHCR-PAKs003486
3646,UNHCR-PAKs003489
3647,UNHCR-PAKs003493
3648,UNHCR-PAKs003494
3649,UNHCR-PAKs003563
3650,UNHCR-PAKs003565
3651,UNHCR-PAKs006945
3652,UNHCR-PAKs006946
3653,UNHCR-PNGs003127
3654,UNHCR-PNGs003128
3655,UNHCR-PNGs003131
3656,UNHCR-POLs002315
3657,UNHCR-POLs002321
3658,UNHCR-POLs002395
3659,UNHCR-POLs080005
3660,UNHCR-QATs003328
3661,UNHCR-ROUs002531
3662,UNHCR-ROUs080013
3663,UNHCR-ROUs080015
3664,UNHCR-ROUs080018
3665,UNHCR-RUSs003332
3666,UNHCR-RUSs003335
3667,UNHCR-RUSs003342
3668,UNHCR-RUSs003348
3669,UNHCR-RUSs003352
3670,UNHCR-RUSs031521
3671,UNHCR-RUSs031522
3672,UNHCR-RWAs003349
3673,UNHCR-RWAs033743
3674,UNHCR-SDNs001484
3675,UNHCR-SDNs001506
3676,UNHCR-SDNs004670
3677,UNHCR-SDNs004671
3678,UNHCR-SDNs007773
3679,UNHCR-SDNs015499
3680,UNHCR-SDNs015517
3681,UNHCR-SDNs015528
3682,UNHCR-SDNs015530
3683,UNHCR-SDNs015535
3684,UNHCR-SDNs015541
3685,UNHCR-SDNs015543
3686,UNHCR-SDNs015545
3687,UNHCR-SDNs015546
3688,UNHCR-SDNs015559
3689,UNHCR-SDNs015560
3690,UNHCR-SDNs015564
3691,UNHCR-SDNs015570
3692,UNHCR-SDNs015574
3693,UNHCR-SDNs015594
3694,UNHCR-SDNs015602
3695,UNHCR-SDNs015604
3696,UNHCR-SDNs015605
3697,UNHCR-SDNs015620
3698,UNHCR-SDNs015625
3699,UNHCR-SDNs015626
3700,UNHCR-SDNs015629
3701,UNHCR-SDNs015631
3702,UNHCR-SDNs015641
3703,UNHCR-SDNs015642
3704,UNHCR-SDNs015644
3705,UNHCR-SDNs015651
3706,UNHCR-SDNs015653
3707,UNHCR-SDNs015664
3708,UNHCR-SDNs015669
3709,UNHCR-SDNs015684
3710,UNHCR-SDNs015686
3711,UNHCR-SDNs027974
3712,UNHCR-SDNs027982
3713,UNHCR-SDNs027985
3714,UNHCR-SDNs027987
3715,UNHCR-SDNs027990
3716,UNHCR-SDNs034950
3717,UNHCR-SDNs080014
3718,UNHCR-SDNs080017
3719,UNHCR-SDNs080032
3720,UNHCR-SDNs080033
3721,UNHCR-SDNs080037
3722,UNHCR-SDNs080043
3723,UNHCR-SDNs080044
3724,UNHCR-SDNs080046
3725,UNHCR-SDNs080047
3726,UNHCR-SDNs080048
3727,UNHCR-SDNs080050
3728,UNHCR-SDNs080051
3729,UNHCR-SDNs080052
3730,UNHCR-SDNs080056
3731,UNHCR-SDNs080062
3732,UNHCR-SDNs080063
3733,UNHCR-SDNs080064
3734,UNHCR-SDNs080066
3735,UNHCR-SDNs080069
3736,UNHCR-SDNs990230
3737,UNHCR-SENs003356
3738,UNHCR-SENs015693
3739,UNHCR-SLEs002044
3740,UNHCR-SLEs002236
3741,UNHCR-SOMs015410
3742,UNHCR-SOMs027652
3743,UNHCR-SOMs027680
3744,UNHCR-SOMs027703
3745,UNHCR-SOMs027709
3746,UNHCR-SOMs027728
3747,UNHCR-SOMs027760
3748,UNHCR-SOMs027856
3749,UNHCR-SOMs027861
3750,UNHCR-SOMs027973
3751,UNHCR-SOMs027975
3752,UNHCR-SOMs027976
3753,UNHCR-SOMs027980
3754,UNHCR-SOMs027989
3755,UNHCR-SOMs027992
3756,UNHCR-SRBs000247
3757,UNHCR-SRBs000779
3758,UNHCR-SRBs028621
3759,UNHCR-SRBs028643
3760,UNHCR-SSDs003040
3761,UNHCR-SSDs003968
3762,UNHCR-SSDs004119
3763,UNHCR-SSDs005235
3764,UNHCR-SSDs008635
3765,UNHCR-SSDs008643
3766,UNHCR-SSDs008657
3767,UNHCR-SSDs008672
3768,UNHCR-SSDs008690
3769,UNHCR-SSDs008691
3770,UNHCR-SSDs008696
3771,UNHCR-SSDs008702
3772,UNHCR-SSDs008724
3773,UNHCR-SSDs008790
3774,UNHCR-SSDs008794
3775,UNHCR-SSDs008796
3776,UNHCR-SSDs008797
3777,UNHCR-SSDs008809
3778,UNHCR-SSDs008813
3779,UNHCR-SSDs008817
3780,UNHCR-SSDs008818
3781,UNHCR-SSDs008823
3782,UNHCR-SSDs008838
3783,UNHCR-SSDs008842
3784,UNHCR-SSDs008844
3785,UNHCR-SSDs008846
3786,UNHCR-SSDs008851
3787,UNHCR-SSDs008854
3788,UNHCR-SSDs008859
3789,UNHCR-SSDs008863
3790,UNHCR-SSDs025729
3791,UNHCR-SSDs025750
3792,UNHCR-SSDs025787
3793,UNHCR-SSDs025827
3794,UNHCR-SSDs025830
3795,UNHCR-SSDs025861
3796,UNHCR-SSDs031317
3797,UNHCR-SSDs031320
3798,UNHCR-SSDs031328
3799,UNHCR-SSDs031375
3800,UNHCR-SSDs031396
3801,UNHCR-SSDs031408
3802,UNHCR-SVKs002322
3803,UNHCR-SVNs001482
3804,UNHCR-SYRs001513
3805,UNHCR-SYRs008164
3806,UNHCR-TCDs002402
3807,UNHCR-TCDs002650
3808,UNHCR-TCDs002655
3809,UNHCR-TCDs002885
3810,UNHCR-TCDs002891
3811,UNHCR-TCDs002892
3812,UNHCR-TCDs002893
3813,UNHCR-TCDs002895
3814,UNHCR-TCDs004590
3815,UNHCR-TCDs010035
3816,UNHCR-TCDs015432
3817,UNHCR-TCDs015436
3818,UNHCR-TCDs015439
3819,UNHCR-TCDs028464
3820,UNHCR-TCDs034550
3821,UNHCR-TCDs034556
3822,UNHCR-TCDs080006
3823,UNHCR-TCDs080011
3824,UNHCR-TCDs080027
3825,UNHCR-TCDs080055
3826,UNHCR-TCDs080063
3827,UNHCR-TCDs080066
3828,UNHCR-TCDs080080
3829,UNHCR-TCDs080100
3830,UNHCR-TCDs080133
3831,UNHCR-TCDs080135
3832,UNHCR-TCDs080151
3833,UNHCR-TCDs080156
3834,UNHCR-TGOs003383
3835,UNHCR-THAs001547
3836,UNHCR-TUNs005728
3837,UNHCR-TUNs005739
3838,UNHCR-TUNs005744
3839,UNHCR-TUNs005745
3840,UNHCR-TURs003391
3841,UNHCR-TURs003394
3842,UNHCR-TURs003395
3843,UNHCR-TURs003401
3844,UNHCR-TURs003402
3845,UNHCR-TURs003404
3846,UNHCR-TURs003410
3847,UNHCR-TURs003415
3848,UNHCR-TURs003418
3849,UNHCR-TURs004191
3850,UNHCR-TURs004193
3851,UNHCR-TURs004202
3852,UNHCR-TURs004237
3853,UNHCR-TURs004624
3854,UNHCR-TURs004678
3855,UNHCR-TURs004682
3856,UNHCR-TURs004684
3857,UNHCR-TURs005124
3858,UNHCR-TURs005125
3859,UNHCR-TURs005186
3860,UNHCR-TURs005204
3861,UNHCR-TURs015705
3862,UNHCR-TURs015706
3863,UNHCR-TZAs001526
3864,UNHCR-TZAs001529
3865,UNHCR-TZAs004687
3866,UNHCR-TZAs004904
3867,UNHCR-TZAs006127
3868,UNHCR-TZAs011872
3869,UNHCR-UGAs001883
3870,UNHCR-UGAs001941
3871,UNHCR-UGAs004663
3872,UNHCR-UGAs029287
3873,UNHCR-UGAs032263
3874,UNHCR-UGAs032269
3875,UNHCR-UGAs990098
3876,UNHCR-UZBs003427
3877,UNHCR-UZBs003429
3878,UNHCR-YEMs001616
3879,UNHCR-YEMs004674
3880,UNHCR-YEMs004679
3881,UNHCR-YEMs004682
3882,UNHCR-YEMs035290
3883,UNHCR-ZAFs015386
3884,UNHCR-ZMBs001622
3885,UNHCR-ZWEs002069
3886,UNHCR-ZWEs002071
3887,UNHCR-ZWEs002072
3888,UNHCR-ZWEs002079
3889,UNHCR-ZWEs002088
